--
-- PostgreSQL database dump
--

-- Dumped from database version 14.13 (Ubuntu 14.13-0ubuntu0.22.04.1)
-- Dumped by pg_dump version 14.13 (Homebrew)

SET statement_timeout = 0;
SET lock_timeout = 0;
SET idle_in_transaction_session_timeout = 0;
SET client_encoding = 'UTF8';
SET standard_conforming_strings = on;
SELECT pg_catalog.set_config('search_path', '', false);
SET check_function_bodies = false;
SET xmloption = content;
SET client_min_messages = warning;
SET row_security = off;

--
-- Name: stage; Type: SCHEMA; Schema: -; Owner: postgres
--

CREATE SCHEMA stage;


ALTER SCHEMA stage OWNER TO postgres;

--
-- Name: group_type_enum; Type: TYPE; Schema: public; Owner: tgbot_schedule
--

CREATE TYPE public.group_type_enum AS ENUM (
    'adult',
    'child'
);


ALTER TYPE public.group_type_enum OWNER TO tgbot_schedule;

SET default_tablespace = '';

SET default_table_access_method = heap;

--
-- Name: appointments; Type: TABLE; Schema: public; Owner: tgbot_schedule
--

CREATE TABLE public.appointments (
    appointment_id bigint NOT NULL,
    training_id bigint NOT NULL,
    user_id bigint NOT NULL,
    created_at timestamp with time zone DEFAULT now() NOT NULL,
    additional_child_number smallint DEFAULT 0
);


ALTER TABLE public.appointments OWNER TO tgbot_schedule;

--
-- Name: appointments_appointment_id_seq; Type: SEQUENCE; Schema: public; Owner: tgbot_schedule
--

CREATE SEQUENCE public.appointments_appointment_id_seq
    START WITH 1
    INCREMENT BY 1
    NO MINVALUE
    NO MAXVALUE
    CACHE 1;


ALTER TABLE public.appointments_appointment_id_seq OWNER TO tgbot_schedule;

--
-- Name: appointments_appointment_id_seq; Type: SEQUENCE OWNED BY; Schema: public; Owner: tgbot_schedule
--

ALTER SEQUENCE public.appointments_appointment_id_seq OWNED BY public.appointments.appointment_id;


--
-- Name: schema_migrations; Type: TABLE; Schema: public; Owner: tgbot_schedule
--

CREATE TABLE public.schema_migrations (
    version bigint NOT NULL,
    dirty boolean NOT NULL
);


ALTER TABLE public.schema_migrations OWNER TO tgbot_schedule;

--
-- Name: trainings; Type: TABLE; Schema: public; Owner: tgbot_schedule
--

CREATE TABLE public.trainings (
    training_id bigint NOT NULL,
    place character varying DEFAULT '''Ninja Way''::character varying'::character varying NOT NULL,
    type character varying DEFAULT 'рукоходы/силовая'::character varying NOT NULL,
    date_and_time timestamp without time zone NOT NULL,
    price bigint DEFAULT 600 NOT NULL,
    trainer character varying DEFAULT 'Роман Заколодкин'::character varying NOT NULL,
    group_type public.group_type_enum,
    column_number bigint
);


ALTER TABLE public.trainings OWNER TO tgbot_schedule;

--
-- Name: trainings_training_id_seq; Type: SEQUENCE; Schema: public; Owner: tgbot_schedule
--

CREATE SEQUENCE public.trainings_training_id_seq
    START WITH 1
    INCREMENT BY 1
    NO MINVALUE
    NO MAXVALUE
    CACHE 1;


ALTER TABLE public.trainings_training_id_seq OWNER TO tgbot_schedule;

--
-- Name: trainings_training_id_seq; Type: SEQUENCE OWNED BY; Schema: public; Owner: tgbot_schedule
--

ALTER SEQUENCE public.trainings_training_id_seq OWNED BY public.trainings.training_id;


--
-- Name: users; Type: TABLE; Schema: public; Owner: tgbot_schedule
--

CREATE TABLE public.users (
    user_id bigint NOT NULL,
    full_name character varying NOT NULL,
    is_admin boolean DEFAULT false NOT NULL,
    created_at timestamp with time zone DEFAULT now() NOT NULL,
    row_number bigint
);


ALTER TABLE public.users OWNER TO tgbot_schedule;

--
-- Name: COLUMN users.user_id; Type: COMMENT; Schema: public; Owner: tgbot_schedule
--

COMMENT ON COLUMN public.users.user_id IS 'chat_id from telegram';


--
-- Name: COLUMN users.row_number; Type: COMMENT; Schema: public; Owner: tgbot_schedule
--

COMMENT ON COLUMN public.users.row_number IS 'row_number from google sheet';


--
-- Name: appointments appointment_id; Type: DEFAULT; Schema: public; Owner: tgbot_schedule
--

ALTER TABLE ONLY public.appointments ALTER COLUMN appointment_id SET DEFAULT nextval('public.appointments_appointment_id_seq'::regclass);


--
-- Name: trainings training_id; Type: DEFAULT; Schema: public; Owner: tgbot_schedule
--

ALTER TABLE ONLY public.trainings ALTER COLUMN training_id SET DEFAULT nextval('public.trainings_training_id_seq'::regclass);


--
-- Data for Name: appointments; Type: TABLE DATA; Schema: public; Owner: tgbot_schedule
--

COPY public.appointments (appointment_id, training_id, user_id, created_at, additional_child_number) FROM stdin;
363	842	892094416	2024-09-13 16:13:37.436641+03	-1
364	841	495578423	2024-09-13 17:03:02.88296+03	1
365	842	573826034	2024-09-13 21:34:52.197172+03	-1
366	842	455988759	2024-09-14 12:39:15.680455+03	-1
369	844	863653912	2024-09-14 19:05:09.507218+03	-1
370	844	881530263	2024-09-14 22:13:14.75818+03	-1
372	848	252165585	2024-09-15 15:00:32.563797+03	-1
224	829	495578423	2024-09-02 14:53:26.168132+03	-1
127	794	1411894787	2024-08-20 17:37:01.78427+03	-1
128	800	1411894787	2024-08-20 17:37:07.708586+03	-1
130	807	495578423	2024-08-26 12:29:21.24877+03	-1
133	814	1048438011	2024-08-26 14:04:36.893893+03	-1
134	818	495578423	2024-08-26 14:32:21.727086+03	-1
135	806	6370084322	2024-08-26 15:09:57.903062+03	-1
136	812	6370084322	2024-08-26 15:10:04.330061+03	-1
137	811	918666601	2024-08-26 15:10:48.363259+03	-1
138	812	918666601	2024-08-26 15:10:52.784081+03	-1
139	808	1018962269	2024-08-26 15:11:25.075378+03	-1
140	807	662793947	2024-08-26 15:16:46.351609+03	-1
141	813	662793947	2024-08-26 15:16:51.347266+03	-1
226	820	837326592	2024-09-02 15:03:16.723439+03	-1
227	826	837326592	2024-09-02 15:03:23.567114+03	-1
142	807	473221062	2024-08-26 15:17:24.050842+03	-1
146	813	473221062	2024-08-26 15:17:47.220648+03	-1
147	807	757933485	2024-08-26 15:18:26.200802+03	-1
148	806	759360712	2024-08-26 15:21:53.88095+03	-1
150	818	759360712	2024-08-26 15:22:00.409409+03	-1
151	813	1857318386	2024-08-26 15:26:28.80255+03	-1
152	818	1857318386	2024-08-26 15:26:34.07638+03	-1
153	807	837326592	2024-08-26 15:31:49.970438+03	-1
154	813	837326592	2024-08-26 15:32:00.079986+03	-1
157	807	51928647	2024-08-26 15:45:23.321133+03	-1
159	809	140263080	2024-08-26 15:50:34.677863+03	-1
161	808	252165585	2024-08-26 15:52:15.872131+03	-1
162	807	1697655825	2024-08-26 16:22:12.69668+03	-1
163	813	1697655825	2024-08-26 16:22:18.063448+03	-1
165	807	2098690422	2024-08-26 18:39:17.058101+03	-1
167	808	1921268921	2024-08-26 22:34:47.452945+03	-1
169	807	5279102590	2024-08-27 09:27:19.16277+03	-1
170	808	1523435199	2024-08-27 14:03:05.150254+03	-1
171	811	360379017	2024-08-28 10:24:42.199816+03	-1
172	813	897191042	2024-08-28 11:30:11.620067+03	-1
173	812	881530263	2024-08-28 15:44:24.362771+03	-1
176	813	1328051033	2024-08-28 16:05:12.806429+03	-1
178	814	759360712	2024-08-28 23:31:51.622076+03	-1
179	820	6370084322	2024-09-01 17:31:07.92105+03	-1
180	825	6370084322	2024-09-01 17:31:23.533338+03	-1
181	829	6370084322	2024-09-01 17:31:41.330967+03	-1
183	821	759360712	2024-09-01 21:29:27.122458+03	-1
184	827	759360712	2024-09-01 21:29:28.736321+03	-1
186	807	1411894787	2024-09-01 21:30:20.445291+03	-1
189	831	1411894787	2024-09-01 21:30:49.897359+03	-1
190	820	2098690422	2024-09-01 21:45:32.189109+03	-1
192	820	473221062	2024-09-01 21:48:05.261474+03	-1
194	820	1857318386	2024-09-01 22:20:35.099312+03	-1
195	831	1857318386	2024-09-01 22:20:46.293097+03	-1
196	819	1017107710	2024-09-01 22:34:53.81758+03	-1
197	820	51928647	2024-09-01 23:21:28.225066+03	-1
198	826	51928647	2024-09-01 23:21:30.115352+03	-1
200	820	1697655825	2024-09-02 08:49:00.016972+03	-1
201	826	1697655825	2024-09-02 08:49:05.835033+03	-1
202	831	1697655825	2024-09-02 08:49:12.631718+03	-1
204	820	662793947	2024-09-02 09:53:35.310116+03	-1
205	826	662793947	2024-09-02 09:53:39.085845+03	-1
228	831	837326592	2024-09-02 15:03:26.937334+03	-1
229	824	360379017	2024-09-02 15:53:06.772734+03	-1
206	820	892094416	2024-09-02 10:50:49.510161+03	-1
213	814	1921268921	2024-09-02 11:28:09.234435+03	-1
214	827	1921268921	2024-09-02 11:28:17.331252+03	-1
215	820	897191042	2024-09-02 11:42:40.098042+03	-1
217	826	897191042	2024-09-02 11:42:57.902776+03	-1
218	827	252165585	2024-09-02 14:37:10.75636+03	-1
219	821	252165585	2024-09-02 14:37:16.348366+03	-1
230	820	5185052656	2024-09-02 16:03:35.566049+03	-1
231	826	5185052656	2024-09-02 16:03:44.1287+03	-1
233	820	757933485	2024-09-02 16:21:35.036552+03	-1
234	819	881530263	2024-09-02 16:38:53.868984+03	-1
235	825	881530263	2024-09-02 16:38:58.058158+03	-1
236	820	508905771	2024-09-02 16:53:44.447492+03	-1
237	826	508905771	2024-09-02 16:53:54.93594+03	-1
240	826	495578423	2024-09-02 17:06:11.944169+03	-1
241	821	495578423	2024-09-02 17:06:13.892939+03	-1
257	829	195225153	2024-09-03 09:34:02.175298+03	-1
250	824	455988759	2024-09-02 22:30:56.286401+03	-1
251	826	1018962269	2024-09-02 22:50:47.08681+03	-1
259	824	573826034	2024-09-03 09:39:51.19194+03	-1
256	824	195225153	2024-09-03 09:33:54.495801+03	-1
260	824	1020597467	2024-09-03 09:54:17.393311+03	-1
263	824	781386241	2024-09-03 10:15:10.708691+03	-1
264	821	1411894787	2024-09-03 11:05:36.414343+03	-1
265	827	1411894787	2024-09-03 11:05:47.322233+03	-1
266	829	759360712	2024-09-03 13:13:55.306567+03	-1
267	827	949693107	2024-09-03 17:57:11.015601+03	-1
270	824	918666601	2024-09-03 18:17:25.702509+03	-1
271	824	189243786	2024-09-03 19:03:13.922162+03	-1
272	827	473221062	2024-09-04 09:58:33.48442+03	-1
273	824	1094244464	2024-09-04 12:08:31.70713+03	-1
274	828	495578423	2024-09-04 17:03:45.865023+03	1
286	831	5185052656	2024-09-07 21:06:40.678554+03	-1
278	831	6272474804	2024-09-04 18:21:25.519371+03	-1
279	825	190592806	2024-09-05 09:07:20.773798+03	-1
280	829	455988759	2024-09-05 10:38:41.735922+03	-1
287	833	6370084322	2024-09-08 15:00:45.202941+03	-1
288	834	495578423	2024-09-08 15:00:49.001428+03	-1
289	838	6370084322	2024-09-08 15:00:49.577596+03	-1
285	831	881530263	2024-09-06 07:51:18.23535+03	-1
290	839	495578423	2024-09-08 15:00:51.178749+03	-1
293	834	1697655825	2024-09-08 15:01:11.637597+03	-1
294	839	1697655825	2024-09-08 15:01:14.981291+03	-1
295	842	495578423	2024-09-08 15:01:22.105277+03	-1
296	833	455988759	2024-09-08 15:01:28.160236+03	-1
298	838	455988759	2024-09-08 15:01:34.228551+03	-1
300	835	759360712	2024-09-08 15:01:59.263381+03	-1
301	840	759360712	2024-09-08 15:02:03.30931+03	-1
303	834	51928647	2024-09-08 15:02:57.63338+03	-1
305	839	51928647	2024-09-08 15:03:07.436435+03	-1
308	839	1328051033	2024-09-08 15:05:17.719316+03	-1
309	834	1328051033	2024-09-08 15:05:22.129944+03	-1
310	835	252165585	2024-09-08 15:16:34.900501+03	-1
740	971	2098690422	2024-10-03 09:28:29.125544+03	-1
741	979	881530263	2024-10-03 11:15:28.397074+03	-1
313	837	1094244464	2024-09-08 15:21:43.592496+03	-1
314	837	195225153	2024-09-08 15:28:37.055666+03	-1
742	976	1560968880	2024-10-03 21:14:49.473045+03	2
316	837	867300832	2024-09-08 16:29:54.41276+03	-1
375	850	867300832	2024-09-15 15:00:53.393368+03	-1
376	847	51928647	2024-09-15 15:01:05.251497+03	-1
319	834	1018962269	2024-09-08 17:42:38.524947+03	-1
321	837	360379017	2024-09-08 18:30:09.597759+03	-1
377	847	1857318386	2024-09-15 15:01:37.369145+03	-1
744	980	578454899	2024-10-03 21:30:18.455877+03	1
324	840	473221062	2024-09-08 20:20:31.147826+03	-1
379	852	1857318386	2024-09-15 15:01:49.168233+03	-1
326	835	1523435199	2024-09-09 00:56:32.4907+03	-1
327	840	1523435199	2024-09-09 00:56:38.136357+03	-1
328	835	1115536641	2024-09-09 07:37:21.569278+03	-1
380	847	1697655825	2024-09-15 15:03:06.645164+03	-1
330	835	1123605287	2024-09-09 07:49:27.585755+03	-1
381	852	1697655825	2024-09-15 15:03:12.389941+03	-1
745	975	5666329056	2024-10-04 08:36:21.692726+03	2
333	833	881530263	2024-09-09 07:49:49.902304+03	-1
334	838	881530263	2024-09-09 07:49:54.798592+03	-1
335	833	289869018	2024-09-09 11:03:12.310974+03	-1
383	847	1942043768	2024-09-15 15:05:59.17447+03	-1
338	834	837326592	2024-09-09 16:05:28.587598+03	-1
339	839	837326592	2024-09-09 16:05:37.811024+03	-1
746	975	514493237	2024-10-04 08:57:37.545872+03	1
384	852	1942043768	2024-09-15 15:06:09.099377+03	-1
385	846	881530263	2024-09-15 15:06:27.155283+03	-1
343	839	662793947	2024-09-09 19:50:40.731936+03	-1
344	844	662793947	2024-09-09 19:50:46.521973+03	-1
345	834	1942043768	2024-09-09 19:59:31.614642+03	-1
747	978	405153504	2024-10-04 10:07:57.136203+03	2
347	834	5185052656	2024-09-09 22:05:45.252538+03	-1
348	839	5185052656	2024-09-09 22:05:47.633847+03	-1
386	851	881530263	2024-09-15 15:06:31.905103+03	-1
350	834	897191042	2024-09-10 00:28:02.644456+03	-1
351	833	2098690422	2024-09-10 09:13:15.874036+03	-1
353	834	473221062	2024-09-10 10:23:21.588107+03	-1
354	835	1921268921	2024-09-10 10:33:51.920332+03	-1
355	834	757933485	2024-09-10 10:40:31.34605+03	-1
356	839	757933485	2024-09-10 10:40:39.679137+03	-1
387	846	455988759	2024-09-15 15:06:52.037046+03	-1
358	842	867300832	2024-09-11 08:59:24.156164+03	-1
359	837	573826034	2024-09-11 15:12:07.982303+03	-1
361	839	897191042	2024-09-11 19:43:20.840102+03	-1
388	847	508905771	2024-09-15 15:32:31.099068+03	-1
389	852	508905771	2024-09-15 15:32:43.976491+03	-1
748	976	495578423	2024-10-04 10:08:24.814612+03	1
391	851	963373639	2024-09-15 15:43:05.317197+03	-1
392	850	360379017	2024-09-15 15:43:06.572713+03	-1
393	857	963373639	2024-09-15 15:43:14.485499+03	-1
394	850	1094244464	2024-09-15 15:45:29.768172+03	-1
395	848	1523435199	2024-09-15 16:20:54.936197+03	-1
445	852	5185052656	2024-09-16 12:24:41.215157+03	-1
446	852	1018962269	2024-09-16 12:50:40.272286+03	-1
447	849	1560968880	2024-09-16 12:55:12.701137+03	2
405	846	6370084322	2024-09-15 18:14:30.804814+03	-1
406	851	6370084322	2024-09-15 18:14:38.807322+03	-1
407	847	662793947	2024-09-15 18:50:01.861246+03	-1
480	852	2098690422	2024-09-19 17:05:03.687491+03	-1
411	848	759360712	2024-09-15 20:18:19.725466+03	-1
415	857	759360712	2024-09-15 20:18:37.470578+03	-1
417	854	1897015486	2024-09-15 20:24:23.864205+03	1
418	847	1245803905	2024-09-15 20:24:52.633394+03	-1
419	852	1245803905	2024-09-15 20:24:57.29352+03	-1
420	849	868481217	2024-09-15 20:25:11.347925+03	1
422	847	870644927	2024-09-15 20:30:30.010037+03	-1
423	854	190411871	2024-09-15 20:33:28.597834+03	1
425	854	860840425	2024-09-15 20:37:52.497593+03	1
426	854	1383211807	2024-09-15 20:47:56.035233+03	1
427	849	514493237	2024-09-15 21:10:53.354917+03	1
428	848	1103224040	2024-09-15 21:39:39.624255+03	-1
432	848	1115536641	2024-09-15 21:54:37.725847+03	-1
434	846	1017107710	2024-09-15 22:01:56.878856+03	-1
435	857	6272474804	2024-09-16 00:19:18.014747+03	-1
437	854	650540470	2024-09-16 08:24:24.024345+03	1
440	850	189243786	2024-09-16 09:12:43.562644+03	-1
441	850	474996796	2024-09-16 09:13:30.796772+03	-1
443	852	892094416	2024-09-16 11:42:47.255922+03	-1
444	847	5185052656	2024-09-16 12:24:37.618252+03	-1
451	848	1123605287	2024-09-16 20:24:31.513103+03	-1
453	851	1123605287	2024-09-16 20:25:27.989321+03	-1
454	846	289869018	2024-09-17 08:38:47.135181+03	-1
456	847	837326592	2024-09-17 09:57:03.412826+03	-1
458	847	343453658	2024-09-17 10:15:13.660223+03	-1
459	834	1411894787	2024-09-17 10:22:27.447841+03	-1
460	847	1411894787	2024-09-17 10:22:35.973732+03	-1
461	852	1411894787	2024-09-17 10:22:44.295341+03	-1
463	848	949693107	2024-09-17 14:48:24.956814+03	-1
467	837	781386241	2024-09-17 16:44:56.362123+03	-1
468	850	781386241	2024-09-17 16:45:01.665447+03	-1
469	853	5279102590	2024-09-17 16:52:26.541295+03	-1
471	848	5279102590	2024-09-17 16:52:53.597155+03	-1
475	853	495578423	2024-09-18 08:33:14.452592+03	-1
476	851	759360712	2024-09-18 12:28:30.931172+03	-1
478	853	1123605287	2024-09-19 08:06:23.000789+03	-1
479	853	1921268921	2024-09-19 08:19:52.012147+03	-1
481	857	495578423	2024-09-20 13:03:22.771584+03	-1
482	856	495578423	2024-09-20 13:03:36.228992+03	1
483	855	867300832	2024-09-20 21:32:11.377752+03	-1
485	856	2091218261	2024-09-21 17:13:41.584147+03	1
488	856	284760131	2024-09-22 09:05:35.517852+03	1
490	953	759360712	2024-09-22 15:00:41.68356+03	-1
491	953	473221062	2024-09-22 15:00:43.052231+03	-1
493	960	759360712	2024-09-22 15:00:45.049723+03	-1
495	958	473221062	2024-09-22 15:00:49.255067+03	-1
496	957	1697655825	2024-09-22 15:00:50.300951+03	-1
497	962	1697655825	2024-09-22 15:00:51.409435+03	-1
498	957	6370084322	2024-09-22 15:01:15.590894+03	-1
501	962	1328051033	2024-09-22 15:02:51.021178+03	-1
502	955	867300832	2024-09-22 15:04:23.707316+03	-1
503	960	867300832	2024-09-22 15:04:28.384278+03	-1
507	958	963373639	2024-09-22 15:05:30.216683+03	-1
508	960	963373639	2024-09-22 15:05:35.30829+03	-1
749	977	495578423	2024-10-04 10:08:34.245278+03	-1
510	960	195225153	2024-09-22 15:06:12.361595+03	-1
750	980	1840179348	2024-10-04 11:48:40.431405+03	1
512	956	455988759	2024-09-22 15:09:23.766074+03	-1
513	960	455988759	2024-09-22 15:09:32.115286+03	-1
516	953	1103224040	2024-09-22 15:12:22.849049+03	-1
752	978	755962522	2024-10-04 18:11:38.686139+03	1
519	962	6272474804	2024-09-22 15:22:31.553925+03	-1
520	954	868481217	2024-09-22 15:27:24.350029+03	1
521	961	868481217	2024-09-22 15:28:35.774999+03	1
754	979	569134659	2024-10-04 19:30:58.900637+03	-1
523	952	1245803905	2024-09-22 15:41:00.926215+03	-1
524	957	1245803905	2024-09-22 15:41:05.943685+03	-1
525	952	495578423	2024-09-22 15:45:28.124576+03	-1
755	979	5169576609	2024-10-05 10:54:25.646101+03	-1
527	962	495578423	2024-09-22 15:45:39.94188+03	-1
756	980	1904454278	2024-10-05 11:52:15.843746+03	1
529	955	1094244464	2024-09-22 16:00:45.313318+03	-1
530	961	2091218261	2024-09-22 16:12:10.72034+03	2
532	954	1409358091	2024-09-22 16:14:01.937167+03	1
533	959	860840425	2024-09-22 16:17:22.609534+03	1
535	963	5159975887	2024-09-22 16:20:45.182841+03	1
537	957	897191042	2024-09-22 16:21:03.070198+03	-1
539	952	662793947	2024-09-22 16:26:42.929456+03	-1
541	952	892094416	2024-09-22 16:26:49.806314+03	-1
542	852	662793947	2024-09-22 16:26:50.880071+03	-1
545	959	471896755	2024-09-22 16:48:55.959019+03	0
547	953	1523435199	2024-09-22 16:51:40.699674+03	-1
548	958	1523435199	2024-09-22 16:51:59.672513+03	-1
550	952	1857318386	2024-09-22 17:20:45.736279+03	-1
551	962	1857318386	2024-09-22 17:20:49.15024+03	-1
552	961	1897015486	2024-09-22 17:21:50.814453+03	1
553	954	288152867	2024-09-22 17:41:36.207226+03	1
554	959	1383211807	2024-09-22 17:44:38.301593+03	1
616	960	785352385	2024-09-26 18:34:02.208358+03	-1
559	953	1123605287	2024-09-23 07:44:11.892413+03	-1
560	958	1123605287	2024-09-23 07:44:17.182519+03	-1
561	958	1115536641	2024-09-23 07:44:54.722186+03	-1
562	961	190411871	2024-09-23 09:15:15.336652+03	1
563	959	190411871	2024-09-23 09:15:43.778665+03	1
569	952	1018962269	2024-09-23 09:50:27.418292+03	-1
572	955	918666601	2024-09-23 11:39:40.982506+03	-1
573	955	360379017	2024-09-23 11:54:43.953726+03	-1
618	963	1103224040	2024-09-27 21:33:12.22766+03	2
620	961	5185052656	2024-09-28 19:22:45.961846+03	1
621	962	2098690422	2024-09-28 23:18:36.16635+03	-1
622	963	5666329056	2024-09-28 23:47:52.258875+03	2
582	961	553819708	2024-09-23 13:48:06.579212+03	0
583	965	1840179348	2024-09-23 13:53:31.667879+03	1
623	968	252165585	2024-09-29 15:00:52.727337+03	-1
657	966	963373639	2024-09-29 15:11:31.21965+03	-1
591	952	508905771	2024-09-24 07:51:09.557512+03	-1
592	953	5279102590	2024-09-24 08:02:29.579114+03	-1
593	958	5279102590	2024-09-24 08:02:41.765309+03	-1
594	962	5279102590	2024-09-24 08:02:49.393964+03	-1
596	957	5460435820	2024-09-24 09:44:04.292766+03	-1
597	953	1921268921	2024-09-24 10:10:03.015248+03	-1
598	953	252165585	2024-09-24 10:54:43.41552+03	-1
601	963	578454899	2024-09-24 14:29:20.222061+03	1
602	952	5185052656	2024-09-24 16:33:48.332386+03	-1
603	962	5185052656	2024-09-24 16:34:06.479415+03	-1
604	954	514493237	2024-09-24 18:10:31.046321+03	1
605	954	5666329056	2024-09-25 14:55:13.561964+03	2
606	956	759360712	2024-09-25 17:51:23.399154+03	-1
607	956	1017107710	2024-09-25 20:44:38.681299+03	-1
608	959	224459146	2024-09-25 21:07:17.638472+03	1
610	957	1411894787	2024-09-25 21:41:23.24361+03	-1
611	962	1411894787	2024-09-25 21:42:31.3497+03	-1
613	958	1921268921	2024-09-26 10:36:32.145113+03	-1
615	963	919386921	2024-09-26 10:59:25.805373+03	2
624	973	252165585	2024-09-29 15:00:57.634881+03	-1
625	977	252165585	2024-09-29 15:01:03.80371+03	-1
626	968	1103224040	2024-09-29 15:01:09.425155+03	-1
628	971	6370084322	2024-09-29 15:01:16.793797+03	-1
629	976	471896755	2024-09-29 15:01:17.846149+03	0
630	967	1697655825	2024-09-29 15:01:29.66465+03	-1
631	972	1697655825	2024-09-29 15:01:34.104946+03	-1
632	979	1697655825	2024-09-29 15:01:41.651334+03	-1
633	967	6370084322	2024-09-29 15:02:05.414496+03	-1
634	973	759360712	2024-09-29 15:02:27.790116+03	-1
635	977	759360712	2024-09-29 15:02:30.91348+03	-1
636	968	759360712	2024-09-29 15:02:34.25958+03	-1
638	977	6370084322	2024-09-29 15:03:01.822535+03	-1
639	970	195225153	2024-09-29 15:03:03.613001+03	-1
661	970	1094244464	2024-09-29 15:12:33.37153+03	-1
645	978	553819708	2024-09-29 15:03:29.922598+03	0
646	967	1245803905	2024-09-29 15:05:00.782326+03	-1
647	972	1245803905	2024-09-29 15:05:03.793276+03	-1
651	976	1897015486	2024-09-29 15:07:18.445154+03	1
652	968	1123605287	2024-09-29 15:09:13.731889+03	-1
653	973	1123605287	2024-09-29 15:09:16.512203+03	-1
654	979	1328051033	2024-09-29 15:09:38.690576+03	-1
655	972	1328051033	2024-09-29 15:09:42.09569+03	-1
656	967	1328051033	2024-09-29 15:09:45.14925+03	-1
662	976	190411871	2024-09-29 15:19:25.215497+03	1
663	968	5279102590	2024-09-29 15:36:19.669602+03	-1
665	979	6272474804	2024-09-29 15:55:15.26773+03	-1
666	969	868481217	2024-09-29 16:06:21.87746+03	1
667	978	868481217	2024-09-29 16:06:42.373728+03	1
668	968	473221062	2024-09-29 16:21:16.096901+03	-1
669	973	473221062	2024-09-29 16:21:18.137948+03	-1
671	969	1409358091	2024-09-29 16:26:37.426984+03	1
675	972	662793947	2024-09-29 16:35:15.664475+03	-1
674	967	662793947	2024-09-29 16:35:12.382855+03	-1
676	978	284760131	2024-09-29 17:03:19.216457+03	1
679	972	897191042	2024-09-29 17:27:31.387134+03	-1
680	966	1017107710	2024-09-29 17:50:14.963162+03	-1
683	980	5159975887	2024-09-29 18:51:14.033157+03	1
684	970	867300832	2024-09-29 18:57:18.989641+03	-1
685	977	867300832	2024-09-29 18:57:20.798715+03	-1
687	976	1383211807	2024-09-29 19:15:45.086539+03	1
688	971	455988759	2024-09-29 19:46:43.962845+03	-1
691	969	514493237	2024-09-29 21:56:46.957979+03	1
692	966	918666601	2024-09-29 22:15:49.963182+03	-1
694	967	1018962269	2024-09-29 23:27:05.391606+03	-1
695	968	1523435199	2024-09-30 07:18:29.816922+03	-1
696	973	1523435199	2024-09-30 07:18:36.296809+03	-1
697	968	949693107	2024-09-30 07:19:47.158474+03	-1
698	973	1115536641	2024-09-30 08:45:59.587445+03	-1
699	977	1115536641	2024-09-30 08:46:20.904491+03	-1
757	980	408499194	2024-10-05 14:57:30.475583+03	1
701	980	6479931622	2024-09-30 09:42:11.173932+03	1
702	967	495578423	2024-09-30 10:39:34.142446+03	-1
705	967	1942043768	2024-09-30 11:29:49.232418+03	-1
706	971	1942043768	2024-09-30 11:29:54.237202+03	-1
707	967	5454112084	2024-09-30 16:38:31.313648+03	-1
710	972	5454112084	2024-09-30 16:38:48.307762+03	-1
712	969	755962522	2024-09-30 19:09:44.664006+03	1
715	952	757933485	2024-09-30 19:17:43.436484+03	-1
716	967	757933485	2024-09-30 19:17:47.185158+03	-1
720	968	870644927	2024-09-30 20:08:03.560219+03	-1
721	972	5460435820	2024-10-01 07:41:55.912902+03	-1
722	968	1921268921	2024-10-01 11:30:32.356226+03	-1
723	968	1411894787	2024-10-01 12:57:23.911086+03	-1
724	972	1411894787	2024-10-01 12:57:34.972188+03	-1
725	967	5185052656	2024-10-01 15:05:28.013398+03	-1
726	972	5185052656	2024-10-01 15:05:35.578958+03	-1
727	968	863653912	2024-10-01 15:31:29.136044+03	-1
728	973	863653912	2024-10-01 15:31:48.201402+03	-1
729	973	5279102590	2024-10-01 16:21:22.601505+03	-1
730	967	508905771	2024-10-01 17:26:15.349269+03	-1
731	972	508905771	2024-10-01 17:26:28.223453+03	-1
764	980	1796607957	2024-10-05 18:37:13.016159+03	1
732	974	919386921	2024-10-02 08:11:59.828298+03	2
735	971	881530263	2024-10-02 14:26:49.26377+03	-1
736	971	5169576609	2024-10-02 17:06:51.271903+03	-1
737	971	569134659	2024-10-02 19:46:15.897052+03	-1
765	979	5460435820	2024-10-05 18:40:43.764401+03	-1
739	972	757933485	2024-10-02 20:37:26.112542+03	-1
766	980	5666329056	2024-10-05 22:53:57.400112+03	2
767	979	5185052656	2024-10-06 09:15:46.267526+03	-1
768	986	360379017	2024-10-06 15:00:49.415379+03	-1
769	989	5279102590	2024-10-06 15:00:50.994736+03	-1
771	983	1697655825	2024-10-06 15:00:55.632244+03	-1
772	988	51928647	2024-10-06 15:00:57.321684+03	-1
773	988	1697655825	2024-10-06 15:00:58.516606+03	-1
774	996	1697655825	2024-10-06 15:01:00.295374+03	-1
775	983	1857318386	2024-10-06 15:01:02.279772+03	-1
776	986	195225153	2024-10-06 15:01:05.452458+03	-1
778	985	1560968880	2024-10-06 15:01:16.371463+03	2
779	982	918666601	2024-10-06 15:01:17.380331+03	-1
780	988	1857318386	2024-10-06 15:01:21.293483+03	-1
781	986	918666601	2024-10-06 15:01:22.421439+03	-1
783	986	1094244464	2024-10-06 15:01:44.239115+03	-1
784	982	6370084322	2024-10-06 15:01:46.517237+03	-1
786	987	6370084322	2024-10-06 15:01:55.268769+03	-1
787	994	6370084322	2024-10-06 15:02:01.387899+03	-1
789	993	190411871	2024-10-06 15:02:07.72631+03	1
792	995	190411871	2024-10-06 15:02:33.665302+03	1
794	983	5454112084	2024-10-06 15:04:29.778091+03	-1
795	988	5454112084	2024-10-06 15:04:34.003832+03	-1
796	996	5454112084	2024-10-06 15:04:37.702981+03	-1
797	984	963373639	2024-10-06 15:05:34.636033+03	-1
799	984	759360712	2024-10-06 15:06:35.261561+03	-1
800	989	759360712	2024-10-06 15:06:38.634054+03	-1
801	994	759360712	2024-10-06 15:06:40.467046+03	-1
802	985	1409358091	2024-10-06 15:08:58.599238+03	1
828	984	1115536641	2024-10-06 18:04:57.80465+03	-1
829	994	1115536641	2024-10-06 18:05:04.4491+03	-1
830	996	6272474804	2024-10-06 18:05:59.074462+03	-1
807	985	868481217	2024-10-06 15:16:45.709817+03	1
808	995	868481217	2024-10-06 15:16:54.257219+03	1
812	994	495578423	2024-10-06 15:32:32.604225+03	-1
813	993	495578423	2024-10-06 15:32:41.710507+03	1
815	984	1103224040	2024-10-06 15:33:52.693349+03	-1
816	993	471896755	2024-10-06 15:35:34.200488+03	0
817	983	662793947	2024-10-06 15:47:35.610244+03	-1
831	986	867300832	2024-10-06 18:52:10.561462+03	-1
821	983	51928647	2024-10-06 16:25:05.856664+03	-1
824	984	473221062	2024-10-06 16:43:44.921663+03	-1
825	989	473221062	2024-10-06 16:43:48.482762+03	-1
826	984	1523435199	2024-10-06 16:43:52.912319+03	-1
827	985	514493237	2024-10-06 17:47:59.797296+03	1
832	994	867300832	2024-10-06 18:52:15.489777+03	-1
833	983	1328051033	2024-10-06 20:29:16.009758+03	-1
834	996	1328051033	2024-10-06 20:29:18.254357+03	-1
837	997	5159975887	2024-10-06 21:45:55.652313+03	1
838	983	1942043768	2024-10-06 23:00:34.486911+03	-1
839	988	1942043768	2024-10-06 23:00:55.647667+03	-1
840	993	1897015486	2024-10-06 23:28:22.020481+03	0
841	982	881530263	2024-10-07 07:52:33.86867+03	-1
843	996	881530263	2024-10-07 07:52:49.063619+03	-1
844	988	1018962269	2024-10-07 09:47:13.043159+03	-1
845	997	6479931622	2024-10-07 11:21:32.814589+03	1
846	993	224459146	2024-10-07 11:35:15.301747+03	1
847	995	5021045191	2024-10-07 11:37:03.426507+03	1
848	993	942149793	2024-10-07 11:37:47.803602+03	1
849	984	495578423	2024-10-07 15:35:35.477384+03	-1
851	985	897252522	2024-10-07 15:36:19.502261+03	1
852	995	897252522	2024-10-07 15:36:33.993653+03	1
854	997	1840179348	2024-10-07 17:08:15.796539+03	1
855	992	1840179348	2024-10-07 17:08:19.819454+03	1
856	988	5460435820	2024-10-07 17:09:29.353631+03	-1
857	995	2091218261	2024-10-07 17:32:29.054839+03	2
859	983	757933485	2024-10-07 17:33:12.853089+03	-1
862	988	757933485	2024-10-07 17:33:27.657795+03	-1
863	983	1880155218	2024-10-07 18:58:25.810805+03	-1
864	982	5169576609	2024-10-07 19:07:41.222742+03	-1
865	983	897191042	2024-10-07 20:24:43.283908+03	-1
866	988	897191042	2024-10-07 20:25:01.903057+03	-1
868	984	1123605287	2024-10-07 20:30:57.112382+03	-1
872	987	455988759	2024-10-07 21:30:03.074857+03	-1
873	995	553819708	2024-10-07 21:30:33.542648+03	0
875	982	289869018	2024-10-07 23:22:27.411369+03	-1
980	1009	471896755	2024-10-13 16:33:32.046118+03	0
877	990	187576133	2024-10-08 00:07:42.997359+03	2
876	985	187576133	2024-10-08 00:07:35.327667+03	2
882	996	963373639	2024-10-08 09:08:37.552678+03	-1
883	984	949693107	2024-10-08 09:24:58.463413+03	-1
884	997	1904454278	2024-10-08 10:31:46.824598+03	1
885	984	1921268921	2024-10-08 11:55:32.738993+03	-1
886	984	252165585	2024-10-08 13:58:28.806978+03	-1
887	989	252165585	2024-10-08 13:58:39.784387+03	-1
888	994	252165585	2024-10-08 13:58:49.101857+03	-1
890	995	408499194	2024-10-08 22:16:14.876149+03	2
891	995	405153504	2024-10-08 22:24:35.747984+03	2
874	985	2091218261	2024-10-07 22:29:59.438978+03	2
893	997	650171857	2024-10-09 16:44:24.723537+03	1
894	997	578454899	2024-10-09 18:03:25.081789+03	1
895	997	876430341	2024-10-09 18:18:05.315056+03	1
897	987	5169576609	2024-10-09 19:55:30.206897+03	-1
898	989	1123605287	2024-10-09 20:24:09.439351+03	-1
899	988	1328051033	2024-10-09 22:09:38.130064+03	-1
900	994	999282860	2024-10-09 22:29:48.603563+03	-1
901	988	5185052656	2024-10-10 07:51:43.701746+03	-1
902	994	1103224040	2024-10-10 09:22:30.113647+03	-1
904	989	1921268921	2024-10-10 11:08:22.918983+03	-1
905	983	508905771	2024-10-10 12:01:35.617269+03	-1
906	988	508905771	2024-10-10 12:01:40.603886+03	-1
907	992	5666329056	2024-10-10 16:36:31.29949+03	2
908	997	5666329056	2024-10-10 16:36:36.330387+03	2
909	996	569134659	2024-10-10 18:30:00.861349+03	-1
910	994	1123605287	2024-10-11 17:43:39.573356+03	-1
911	994	2098690422	2024-10-12 12:18:17.092049+03	-1
912	1002	867300832	2024-10-13 15:00:49.572316+03	-1
914	999	1942043768	2024-10-13 15:00:57.357352+03	-1
915	1012	5279102590	2024-10-13 15:00:58.432591+03	-1
916	1004	1942043768	2024-10-13 15:01:03.590616+03	-1
917	1013	6479931622	2024-10-13 15:01:04.643567+03	1
921	1002	195225153	2024-10-13 15:01:08.85555+03	-1
922	1011	405153504	2024-10-13 15:01:13.015163+03	1
923	1001	1560968880	2024-10-13 15:01:55.177705+03	2
927	1009	190411871	2024-10-13 15:02:21.764354+03	1
930	1011	5021045191	2024-10-13 15:02:30.724229+03	1
932	1005	759360712	2024-10-13 15:02:54.227197+03	-1
933	1010	759360712	2024-10-13 15:02:56.03984+03	-1
934	1011	1560968880	2024-10-13 15:03:14.36091+03	1
935	1001	1409358091	2024-10-13 15:03:39.623657+03	1
936	999	1697655825	2024-10-13 15:03:46.872742+03	-1
937	1004	1697655825	2024-10-13 15:04:23.066828+03	-1
938	1012	1697655825	2024-10-13 15:04:27.336054+03	-1
940	998	6370084322	2024-10-13 15:06:41.340305+03	-1
941	1003	6370084322	2024-10-13 15:06:53.384449+03	-1
942	1002	455988759	2024-10-13 15:08:26.789559+03	-1
943	999	5454112084	2024-10-13 15:12:48.04463+03	-1
944	1004	5454112084	2024-10-13 15:12:51.942929+03	-1
945	1012	5454112084	2024-10-13 15:12:56.89707+03	-1
948	1013	1959061032	2024-10-13 15:13:44.076398+03	1
950	1001	897252522	2024-10-13 15:17:43.360325+03	1
951	1011	897252522	2024-10-13 15:17:50.566551+03	1
952	1009	1897015486	2024-10-13 15:23:12.644296+03	1
953	1002	360379017	2024-10-13 15:24:04.357608+03	-1
954	1000	473221062	2024-10-13 15:24:25.969798+03	-1
955	1005	473221062	2024-10-13 15:24:28.527605+03	-1
956	1000	252165585	2024-10-13 15:36:16.797155+03	-1
957	1005	252165585	2024-10-13 15:36:20.549462+03	-1
981	1004	5460435820	2024-10-13 16:44:21.865933+03	-1
962	1011	553819708	2024-10-13 15:46:05.405763+03	0
966	999	495578423	2024-10-13 16:02:01.973848+03	-1
967	1004	495578423	2024-10-13 16:02:05.001436+03	-1
968	1010	495578423	2024-10-13 16:02:09.349057+03	-1
969	1009	495578423	2024-10-13 16:02:18.918304+03	1
970	1000	1115536641	2024-10-13 16:02:22.394302+03	-1
971	1005	1115536641	2024-10-13 16:02:30.891091+03	-1
972	1002	1094244464	2024-10-13 16:12:53.637922+03	-1
973	1013	5159975887	2024-10-13 16:25:53.521217+03	1
978	1010	1873791411	2024-10-13 16:29:14.435521+03	-1
985	983	863653912	2024-10-13 18:25:07.247564+03	-1
986	999	863653912	2024-10-13 18:25:28.585961+03	-1
987	1001	288152867	2024-10-13 18:59:47.398747+03	1
988	1001	868481217	2024-10-13 19:39:39.913222+03	1
989	1011	868481217	2024-10-13 19:40:26.010475+03	1
991	1013	1840179348	2024-10-13 19:57:18.160565+03	1
992	1008	1840179348	2024-10-13 19:57:24.426869+03	1
993	1009	860840425	2024-10-13 20:01:31.045255+03	1
994	1000	963373639	2024-10-13 20:23:46.058241+03	-1
995	1005	963373639	2024-10-13 20:23:57.851733+03	-1
997	1002	918666601	2024-10-13 21:25:42.605107+03	-1
999	1003	918666601	2024-10-13 21:26:22.947951+03	-1
1004	1005	1523435199	2024-10-13 23:14:00.388257+03	-1
1005	999	897191042	2024-10-14 00:36:56.940152+03	-1
1006	1004	897191042	2024-10-14 00:37:01.973252+03	-1
1007	999	1411894787	2024-10-14 08:06:39.367133+03	-1
1008	1004	1411894787	2024-10-14 08:06:50.511407+03	-1
1009	1012	1411894787	2024-10-14 08:07:13.071492+03	-1
1010	998	881530263	2024-10-14 08:46:30.629274+03	-1
1012	1012	881530263	2024-10-14 08:46:49.010338+03	-1
1013	1000	1018962269	2024-10-14 09:21:44.200871+03	-1
1015	1011	408499194	2024-10-14 09:43:37.34906+03	2
1016	1001	514493237	2024-10-14 10:15:34.33183+03	1
1017	1005	1048438011	2024-10-14 10:17:48.16198+03	-1
1018	1010	1048438011	2024-10-14 10:17:53.801036+03	-1
1019	1004	934494570	2024-10-14 14:00:11.908409+03	-1
1020	1000	257892704	2024-10-14 14:09:42.54326+03	-1
1024	999	5185052656	2024-10-14 16:25:00.335836+03	-1
1025	1004	1046984506	2024-10-14 16:41:51.790724+03	-1
1028	1004	1245803905	2024-10-14 17:03:25.749208+03	-1
1029	999	1328051033	2024-10-14 18:01:25.234884+03	-1
1030	1004	1328051033	2024-10-14 18:01:27.453453+03	-1
1031	1012	1328051033	2024-10-14 18:01:30.130496+03	-1
1123	1022	6370084322	2024-10-20 15:07:21.882513+03	-1
1034	1001	755962522	2024-10-14 18:42:15.822133+03	0
1035	1001	187576133	2024-10-14 18:42:53.537532+03	2
1037	1011	755962522	2024-10-14 18:43:50.517316+03	0
1039	998	759360712	2024-10-14 21:52:57.060213+03	-1
1041	1000	1123605287	2024-10-15 08:52:19.612853+03	-1
1124	1019	759360712	2024-10-20 15:08:12.337832+03	-1
1125	1022	759360712	2024-10-20 15:08:27.896359+03	-1
1046	1013	1904454278	2024-10-15 09:15:14.877601+03	1
1047	1002	380324707	2024-10-15 10:21:50.519457+03	-1
1048	1001	380324707	2024-10-15 10:22:12.416627+03	1
1049	1008	1112659017	2024-10-15 13:50:32.416116+03	1
1050	1000	1921268921	2024-10-15 15:20:41.387553+03	-1
1051	999	508905771	2024-10-15 15:54:50.550625+03	-1
1052	1004	508905771	2024-10-15 15:54:56.218882+03	-1
1053	1002	189243786	2024-10-15 17:10:43.506714+03	-1
1055	1008	5666329056	2024-10-15 17:20:49.728253+03	2
1056	1013	5666329056	2024-10-15 17:20:54.912652+03	2
1060	1009	942149793	2024-10-15 21:00:44.377208+03	0
1061	1013	578454899	2024-10-15 21:11:50.97708+03	1
1063	1004	51928647	2024-10-16 08:15:37.567373+03	-1
1126	1029	759360712	2024-10-20 15:08:30.274541+03	-1
1070	1002	1037734578	2024-10-16 13:10:13.435072+03	-1
1071	1005	1921268921	2024-10-16 13:35:27.862909+03	-1
1072	1009	650540470	2024-10-16 13:38:33.563975+03	1
1073	1003	5169576609	2024-10-16 17:38:03.074528+03	-1
1075	1009	1383211807	2024-10-16 19:14:38.059099+03	1
1077	1005	5113717783	2024-10-16 22:12:23.74765+03	-1
1128	1025	1959061032	2024-10-20 15:13:46.589818+03	1
1080	1005	257892704	2024-10-17 12:25:38.73045+03	-1
1081	1004	863653912	2024-10-17 15:29:37.699596+03	-1
1082	1013	650171857	2024-10-17 22:56:14.048938+03	1
1083	1012	1123605287	2024-10-18 14:41:27.343021+03	-1
1084	1012	1115536641	2024-10-18 14:41:50.323418+03	-1
1085	1010	380324707	2024-10-18 21:17:22.674238+03	-1
1086	1010	867300832	2024-10-19 04:49:40.459746+03	-1
1087	1004	455988759	2024-10-19 14:20:56.13892+03	-1
1088	1011	1873791411	2024-10-19 14:47:33.50071+03	1
1089	1011	2091218261	2024-10-19 17:20:27.037677+03	1
1090	1011	284760131	2024-10-19 17:53:43.845046+03	1
1094	1018	5454112084	2024-10-20 15:00:30.021304+03	-1
1095	1018	1857318386	2024-10-20 15:00:32.579446+03	-1
1096	1023	5454112084	2024-10-20 15:00:33.651967+03	-1
1098	1031	1857318386	2024-10-20 15:00:34.745524+03	-1
1102	1018	1697655825	2024-10-20 15:00:38.690192+03	-1
1103	1018	51928647	2024-10-20 15:00:39.224901+03	-1
1104	1023	1697655825	2024-10-20 15:00:40.036033+03	-1
1106	1032	6479931622	2024-10-20 15:00:49.647448+03	1
1107	1030	553819708	2024-10-20 15:00:51.232909+03	0
1108	1020	288152867	2024-10-20 15:00:52.671907+03	1
1109	1020	876430341	2024-10-20 15:00:53.178183+03	1
1111	1027	876430341	2024-10-20 15:01:02.645094+03	1
1112	1027	1840179348	2024-10-20 15:01:05.643227+03	1
1113	1018	1328051033	2024-10-20 15:01:07.386919+03	-1
1115	1023	1328051033	2024-10-20 15:01:15.428782+03	-1
1117	1021	195225153	2024-10-20 15:01:40.315732+03	-1
1119	1030	190411871	2024-10-20 15:03:17.797002+03	1
1120	1019	252165585	2024-10-20 15:04:42.147735+03	-1
1121	1024	252165585	2024-10-20 15:04:46.599957+03	-1
1122	1017	6370084322	2024-10-20 15:07:16.643425+03	-1
1129	1032	1959061032	2024-10-20 15:13:52.386617+03	1
1130	1018	5279102590	2024-10-20 15:15:11.581372+03	-1
1131	1023	5279102590	2024-10-20 15:15:15.442629+03	-1
1134	1020	1409358091	2024-10-20 15:25:01.571617+03	1
1136	1025	989580554	2024-10-20 15:25:37.583971+03	1
1137	1027	5666329056	2024-10-20 15:26:41.003139+03	2
1138	1032	5666329056	2024-10-20 15:27:01.367842+03	2
1139	1020	868481217	2024-10-20 15:28:58.78076+03	1
1140	1030	868481217	2024-10-20 15:29:21.71019+03	1
1142	1020	1560968880	2024-10-20 15:44:02.236113+03	2
1143	1020	897252522	2024-10-20 16:01:51.662469+03	1
1145	1032	989580554	2024-10-20 16:04:58.860176+03	1
1146	1019	5113717783	2024-10-20 16:21:51.663932+03	-1
1148	1032	578454899	2024-10-20 16:29:49.42675+03	1
1149	1021	360379017	2024-10-20 16:32:32.39153+03	-1
1150	1017	1017107710	2024-10-20 16:38:01.544489+03	-1
1151	1028	471896755	2024-10-20 16:55:10.39107+03	0
1152	1018	5460435820	2024-10-20 16:55:12.154417+03	-1
1153	1023	5460435820	2024-10-20 16:55:17.661378+03	-1
1154	1031	5460435820	2024-10-20 16:55:22.901271+03	-1
1155	1021	867300832	2024-10-20 17:09:56.026402+03	-1
1156	1029	867300832	2024-10-20 17:10:02.394187+03	-1
1157	1021	455988759	2024-10-20 17:10:33.35501+03	-1
1158	1031	1112659017	2024-10-20 18:04:05.584893+03	-1
1161	1024	963373639	2024-10-20 20:06:59.29711+03	-1
1163	1028	860840425	2024-10-20 20:17:42.597126+03	1
1164	1018	495578423	2024-10-20 20:40:42.081384+03	-1
1166	1019	1115536641	2024-10-20 21:43:17.124992+03	-1
1114	1032	1840179348	2024-10-20 15:01:10.9704+03	0
1167	1024	1115536641	2024-10-20 21:43:27.510526+03	-1
1277	1034	51928647	2024-10-27 15:24:50.933216+03	-1
1169	1017	881530263	2024-10-20 23:13:50.409206+03	-1
1172	1022	881530263	2024-10-20 23:13:57.931969+03	-1
1174	1018	897191042	2024-10-20 23:41:19.806426+03	-1
1175	1023	897191042	2024-10-20 23:41:27.625232+03	-1
1176	1023	662793947	2024-10-21 00:36:12.143696+03	-1
1178	1019	1523435199	2024-10-21 02:41:46.758847+03	-1
1179	1024	1523435199	2024-10-21 02:41:58.53641+03	-1
1180	1023	1857318386	2024-10-21 03:00:22.160935+03	-1
1181	1018	1018962269	2024-10-21 08:09:57.68417+03	-1
1182	1028	1897015486	2024-10-21 09:15:55.863604+03	1
1184	1027	1453572519	2024-10-21 09:58:58.463462+03	1
1185	1028	1383211807	2024-10-21 10:12:43.244914+03	1
1187	1023	1942043768	2024-10-21 10:54:19.788119+03	-1
1188	1029	942149793	2024-10-21 11:00:43.59382+03	-1
1190	1028	942149793	2024-10-21 11:10:52.252248+03	1
1191	1021	189243786	2024-10-21 11:53:59.390329+03	-1
1192	1024	999282860	2024-10-21 12:33:20.996129+03	-1
1193	1019	1123605287	2024-10-21 13:27:02.308592+03	-1
1196	1028	5021045191	2024-10-21 14:13:07.901848+03	1
1197	1017	5169576609	2024-10-21 17:23:42.529028+03	-1
1198	1023	495578423	2024-10-21 17:37:55.182543+03	-1
1199	1018	5185052656	2024-10-21 18:05:54.934485+03	-1
1200	1023	5185052656	2024-10-21 18:06:11.895849+03	-1
1202	1017	550112168	2024-10-21 18:15:55.744067+03	-1
1203	1017	5298827190	2024-10-21 18:18:50.55471+03	-1
1204	1021	380324707	2024-10-21 20:19:47.537144+03	-1
1205	1020	380324707	2024-10-21 20:20:11.162779+03	1
1206	1032	1112659017	2024-10-21 21:47:02.754616+03	2
1207	1018	757933485	2024-10-21 22:22:50.596346+03	-1
1209	1028	509135953	2024-10-21 22:30:32.837381+03	1
1210	1023	1046984506	2024-10-22 09:22:27.82836+03	-1
1211	1019	1921268921	2024-10-22 10:24:06.79506+03	-1
1212	1022	1017107710	2024-10-22 14:44:23.781514+03	-1
1213	1031	387737474	2024-10-22 17:07:13.179513+03	-1
1214	1018	508905771	2024-10-22 17:45:58.166937+03	-1
1215	1023	508905771	2024-10-22 17:46:12.456172+03	-1
1216	1020	514493237	2024-10-22 18:55:28.727975+03	1
1217	1022	5298827190	2024-10-23 12:44:52.534691+03	-1
1218	1028	1873791411	2024-10-23 13:55:58.160245+03	1
1220	1022	1048438011	2024-10-23 18:54:15.511932+03	-1
1221	1022	550112168	2024-10-23 19:57:12.172941+03	-1
1222	1023	1411894787	2024-10-24 09:15:12.989716+03	-1
1225	1030	2091218261	2024-10-24 12:05:35.605132+03	2
1226	1024	1921268921	2024-10-24 14:22:15.444284+03	-1
1227	1023	757933485	2024-10-24 15:30:19.259637+03	-1
1229	1029	189243786	2024-10-25 10:19:24.612916+03	-1
1230	1032	5361036723	2024-10-25 10:49:31.925396+03	1
1231	1018	863653912	2024-10-25 14:02:22.157418+03	-1
1234	1029	840421062	2024-10-25 16:08:45.943852+03	-1
1235	1032	650171857	2024-10-26 01:30:35.170057+03	1
1237	1032	1453572519	2024-10-26 05:17:03.617959+03	1
1238	1030	284760131	2024-10-26 17:09:08.864349+03	1
1242	1035	252165585	2024-10-27 15:00:56.447132+03	-1
1243	1040	1048438011	2024-10-27 15:00:58.570671+03	-1
1245	1040	252165585	2024-10-27 15:00:59.804504+03	-1
1246	1037	387737474	2024-10-27 15:01:00.63779+03	-1
1247	1045	1048438011	2024-10-27 15:01:01.704786+03	-1
1248	1044	860840425	2024-10-27 15:01:04.492811+03	1
1249	1048	1840179348	2024-10-27 15:01:05.60192+03	1
1250	1036	1560968880	2024-10-27 15:01:06.38531+03	2
1251	1043	1840179348	2024-10-27 15:01:09.927851+03	1
1252	1046	405153504	2024-10-27 15:01:51.238531+03	2
1253	1033	5298827190	2024-10-27 15:02:04.119564+03	-1
1254	1038	5298827190	2024-10-27 15:02:15.788362+03	-1
1256	1033	6370084322	2024-10-27 15:04:51.892845+03	-1
1257	1038	6370084322	2024-10-27 15:04:57.562119+03	-1
1260	1034	1857318386	2024-10-27 15:07:29.86914+03	-1
1261	1034	495578423	2024-10-27 15:07:46.021398+03	-1
1262	1039	1857318386	2024-10-27 15:07:48.819296+03	-1
1263	1039	495578423	2024-10-27 15:07:49.928306+03	-1
1264	1047	1857318386	2024-10-27 15:07:50.744874+03	-1
1266	1044	495578423	2024-10-27 15:08:02.922883+03	1
1267	1036	1409358091	2024-10-27 15:08:07.638181+03	1
1268	1046	471896755	2024-10-27 15:14:25.044484+03	0
1269	1035	1115536641	2024-10-27 15:17:17.126082+03	-1
1270	1040	1115536641	2024-10-27 15:17:44.91907+03	-1
1271	1048	1959061032	2024-10-27 15:17:59.297722+03	1
1273	1041	989580554	2024-10-27 15:19:11.123497+03	1
1274	1048	989580554	2024-10-27 15:19:19.954562+03	1
1275	1037	1037734578	2024-10-27 15:19:45.460599+03	-1
1276	1039	51928647	2024-10-27 15:24:22.139095+03	-1
1278	1036	868481217	2024-10-27 15:25:35.752383+03	1
1279	1046	868481217	2024-10-27 15:26:14.85832+03	1
1280	1037	474996796	2024-10-27 15:35:37.605877+03	-1
1282	1037	195225153	2024-10-27 15:47:09.367617+03	-1
1283	1034	1942043768	2024-10-27 15:48:21.731378+03	-1
1285	1033	918666601	2024-10-27 15:49:47.158389+03	-1
1287	1035	759360712	2024-10-27 15:51:06.642708+03	-1
1292	1036	2091218261	2024-10-27 16:09:48.005346+03	2
1293	1046	2091218261	2024-10-27 16:09:55.163654+03	2
1294	1035	473221062	2024-10-27 16:12:39.376272+03	-1
1295	1044	942149793	2024-10-27 16:29:04.257758+03	1
1298	1044	1897015486	2024-10-27 17:07:21.013238+03	1
1303	1033	881530263	2024-10-27 17:15:31.330014+03	-1
1306	1038	881530263	2024-10-27 17:15:43.339956+03	-1
1307	1038	1017107710	2024-10-27 18:13:11.15502+03	-1
1310	1036	942149793	2024-10-27 18:45:54.059026+03	1
1312	1034	5460435820	2024-10-27 19:34:30.06801+03	-1
1313	1039	5460435820	2024-10-27 19:34:36.699114+03	-1
1314	1035	1103224040	2024-10-27 20:03:40.115954+03	-1
1315	1034	662793947	2024-10-27 20:36:27.539256+03	-1
1316	1039	662793947	2024-10-27 20:36:35.915433+03	-1
1318	1039	5279102590	2024-10-27 21:07:11.91145+03	-1
1319	1047	5279102590	2024-10-27 21:07:14.292487+03	-1
1320	1035	608126035	2024-10-27 21:10:41.1523+03	-1
1321	1045	5460435820	2024-10-27 21:31:24.298742+03	-1
1324	1034	1697655825	2024-10-27 22:44:53.589515+03	-1
1325	1039	1697655825	2024-10-27 22:44:58.5712+03	-1
1326	1047	1697655825	2024-10-27 22:45:01.168089+03	-1
1327	1035	1523435199	2024-10-27 23:54:35.892995+03	-1
1329	1040	1523435199	2024-10-27 23:55:09.067909+03	-1
1331	1048	5666329056	2024-10-28 00:22:42.241664+03	2
1332	1048	6479931622	2024-10-28 09:10:27.74241+03	1
1333	1041	1453572519	2024-10-28 09:23:24.713031+03	1
1336	1039	1328051033	2024-10-28 09:52:20.381428+03	-1
1337	1047	1328051033	2024-10-28 09:52:28.242853+03	-1
1338	1034	757933485	2024-10-28 10:43:45.086495+03	-1
1339	1034	1880155218	2024-10-28 10:49:42.720711+03	-1
1424	1050	5454112084	2024-11-03 15:24:41.253487+03	-1
1343	1046	468242665	2024-10-28 11:24:13.089874+03	1
1345	1046	2028251418	2024-10-28 13:18:39.97668+03	1
1346	1039	1018962269	2024-10-28 14:13:20.945547+03	-1
1347	1034	508905771	2024-10-28 14:34:57.458188+03	-1
1348	1039	508905771	2024-10-28 14:34:59.271468+03	-1
1349	1035	1123605287	2024-10-28 15:21:40.55115+03	-1
1350	1040	1123605287	2024-10-28 15:21:44.258942+03	-1
1351	1048	578454899	2024-10-28 15:45:58.077118+03	1
1355	1048	919386921	2024-10-28 16:21:53.853985+03	2
1356	1034	5185052656	2024-10-28 17:52:40.465309+03	-1
1357	1039	5185052656	2024-10-28 17:52:42.379349+03	-1
1358	1033	5279102590	2024-10-28 18:36:45.845951+03	-1
1359	1037	380324707	2024-10-28 20:18:32.015567+03	-1
1360	1036	380324707	2024-10-28 20:18:46.682989+03	1
1363	1033	550112168	2024-10-29 07:15:08.694084+03	-1
1365	1038	550112168	2024-10-29 07:17:49.714239+03	-1
1366	1046	224459146	2024-10-29 08:41:32.739854+03	1
1367	1035	1921268921	2024-10-29 12:31:40.431215+03	-1
1368	1034	1411894787	2024-10-29 14:58:02.296017+03	-1
1370	1036	463681107	2024-10-29 20:13:37.205013+03	2
1371	1036	514493237	2024-10-29 22:20:24.908773+03	1
1372	1037	360379017	2024-10-30 11:13:16.526166+03	-1
1373	1037	189243786	2024-10-30 12:23:42.278576+03	-1
1374	1038	2098690422	2024-10-30 14:08:55.725212+03	-1
1375	1044	1567742709	2024-10-30 19:48:34.898464+03	1
1376	1043	5666329056	2024-10-30 21:13:34.049821+03	2
1377	1040	5169576609	2024-10-31 00:04:30.875318+03	-1
1378	1040	569134659	2024-10-31 00:04:47.972939+03	-1
1379	1039	757933485	2024-10-31 07:51:26.763518+03	-1
1380	1044	5185052656	2024-10-31 10:49:51.147964+03	1
1381	1045	5185052656	2024-10-31 10:50:19.698171+03	-1
1382	1048	1453572519	2024-10-31 17:02:12.240821+03	1
1383	1045	918666601	2024-11-01 15:28:34.520319+03	-1
1384	1048	650171857	2024-11-01 23:56:19.630495+03	1
1385	1045	1411894787	2024-11-01 23:57:07.054331+03	-1
1387	1046	284760131	2024-11-02 20:53:15.205272+03	1
1388	1064	1840179348	2024-11-03 15:00:39.858966+03	1
1389	1059	1840179348	2024-11-03 15:00:43.640055+03	1
1390	1051	1103224040	2024-11-03 15:00:44.287847+03	-1
1391	1053	474996796	2024-11-03 15:00:47.05628+03	-1
1392	1051	1523435199	2024-11-03 15:00:54.524718+03	-1
1393	1053	1094244464	2024-11-03 15:00:55.297324+03	-1
1394	1063	6272474804	2024-11-03 15:01:56.010485+03	-1
1395	1064	1453572519	2024-11-03 15:01:57.124852+03	1
1425	1063	5454112084	2024-11-03 15:24:51.732644+03	-1
1426	1055	5454112084	2024-11-03 15:24:52.769069+03	-1
1427	1051	963373639	2024-11-03 15:31:33.335561+03	-1
1396	1056	1523435199	2024-11-03 15:02:01.796355+03	-1
1401	1052	876430341	2024-11-03 15:02:16.949299+03	1
1402	1059	876430341	2024-11-03 15:02:47.939631+03	1
1403	1064	876430341	2024-11-03 15:03:01.265549+03	1
1404	1052	1409358091	2024-11-03 15:06:05.992532+03	1
1405	1050	495578423	2024-11-03 15:06:09.502189+03	-1
1406	1063	1523435199	2024-11-03 15:06:28.374079+03	-1
1408	1060	471896755	2024-11-03 15:07:33.899332+03	0
1409	1062	405153504	2024-11-03 15:07:47.422734+03	2
1410	1060	190411871	2024-11-03 15:09:12.8947+03	1
1411	1062	190411871	2024-11-03 15:09:22.775519+03	1
1412	1050	5460435820	2024-11-03 15:11:20.812309+03	-1
1413	1055	5460435820	2024-11-03 15:11:24.952244+03	-1
1414	1061	5460435820	2024-11-03 15:11:31.62962+03	-1
1415	1049	918666601	2024-11-03 15:11:36.299697+03	-1
1416	1053	918666601	2024-11-03 15:11:41.795246+03	-1
1417	1061	918666601	2024-11-03 15:11:48.894469+03	-1
1419	1060	860840425	2024-11-03 15:14:54.079289+03	1
1420	1050	1857318386	2024-11-03 15:22:14.874125+03	-1
1421	1055	1857318386	2024-11-03 15:22:17.63058+03	-1
1422	1063	1857318386	2024-11-03 15:22:19.721784+03	-1
1423	1064	1959061032	2024-11-03 15:23:41.984553+03	0
1429	1056	963373639	2024-11-03 15:31:50.09013+03	-1
1430	1053	195225153	2024-11-03 15:38:14.400701+03	-1
1431	1061	195225153	2024-11-03 15:38:43.770525+03	-1
1432	1064	1112659017	2024-11-03 15:43:37.215984+03	2
1433	1062	2028251418	2024-11-03 15:45:06.359532+03	1
1434	1064	6479931622	2024-11-03 15:51:35.553285+03	1
1435	1053	1037734578	2024-11-03 16:01:57.291749+03	-1
1436	1049	5298827190	2024-11-03 16:25:32.296934+03	-1
1437	1054	5298827190	2024-11-03 16:25:50.436911+03	-1
1438	1050	1697655825	2024-11-03 16:26:58.58554+03	-1
1439	1055	1697655825	2024-11-03 16:27:01.581769+03	-1
1440	1063	1697655825	2024-11-03 16:27:04.543305+03	-1
1441	1064	1165903606	2024-11-03 17:27:39.377556+03	1
1442	1061	455988759	2024-11-03 18:09:08.822379+03	-1
1443	1054	455988759	2024-11-03 18:09:14.065342+03	-1
1444	1052	868481217	2024-11-03 18:23:35.037523+03	1
1445	1062	868481217	2024-11-03 18:23:48.113528+03	1
1446	1064	919386921	2024-11-03 19:34:36.241258+03	2
1448	1064	5159975887	2024-11-03 20:00:12.047655+03	1
1449	1053	1115536641	2024-11-03 20:19:05.982337+03	-1
1450	1061	1115536641	2024-11-03 20:19:18.322716+03	-1
1451	1049	550112168	2024-11-03 20:22:04.477164+03	-1
1452	1054	550112168	2024-11-03 20:22:21.994296+03	-1
1454	1049	1017107710	2024-11-03 21:19:25.409252+03	-1
\.


--
-- Data for Name: schema_migrations; Type: TABLE DATA; Schema: public; Owner: tgbot_schedule
--

COPY public.schema_migrations (version, dirty) FROM stdin;
1	t
\.


--
-- Data for Name: trainings; Type: TABLE DATA; Schema: public; Owner: tgbot_schedule
--

COPY public.trainings (training_id, place, type, date_and_time, price, trainer, group_type, column_number) FROM stdin;
767	NinjaWay	рукоходы/силовая	2024-08-13 10:00:00	600	Роман Заколодкин	adult	0
768	NinjaWay	рукоходы/силовая	2024-08-13 18:00:00	600	Роман Заколодкин	adult	0
769	NinjaWay	рукоходы/силовая	2024-08-13 19:30:00	600	Роман Заколодкин	adult	0
770	NinjaWay	рукоходы/силовая	2024-08-14 18:00:00	600	Роман Заколодкин	adult	0
771	NinjaWay	рукоходы/силовая	2024-08-14 19:30:00	600	Роман Заколодкин	adult	0
772	NinjaWay	рукоходы/силовая	2024-08-15 10:00:00	600	Роман Заколодкин	adult	0
641	Ninja Way	рукоходы/силовая	2024-07-07 11:30:00	600	Роман Заколодкин	adult	0
773	NinjaWay	рукоходы/силовая	2024-08-15 18:00:00	600	Роман Заколодкин	adult	0
774	NinjaWay	рукоходы/силовая	2024-08-15 19:30:00	600	Роман Заколодкин	adult	0
775	NinjaWay	рукоходы/силовая	2024-08-17 13:00:00	600	Роман Заколодкин	adult	0
776	NinjaWay	рукоходы/силовая	2024-08-14 18:00:00	600	Роман Заколодкин	child	0
777	NinjaWay	рукоходы/силовая	2024-08-17 11:30:00	600	Роман Заколодкин	child	0
778	NinjaWay	рукоходы/силовая	2024-08-18 10:00:00	600	Роман Заколодкин	child	0
779	Ninja Way	рукоходы/силовая	2024-08-18 11:30:00	600	Роман Заколодкин	adult	0
793	NinjaWay	рукоходы/силовая	2024-08-20 10:00:00	600	Роман Заколодкин	adult	2
794	NinjaWay	рукоходы/силовая	2024-08-20 18:00:00	600	Роман Заколодкин	adult	0
795	NinjaWay	рукоходы/силовая	2024-08-20 19:30:00	600	Роман Заколодкин	adult	3
796	NinjaWay	рукоходы/силовая	2024-08-21 18:00:00	600	Роман Заколодкин	adult	4
797	NinjaWay	рукоходы/силовая	2024-08-21 18:00:00	600	Роман Заколодкин	child	5
798	NinjaWay	рукоходы/силовая	2024-08-21 19:30:00	600	Роман Заколодкин	adult	6
799	NinjaWay	рукоходы/силовая	2024-08-22 10:00:00	600	Роман Заколодкин	adult	7
800	NinjaWay	рукоходы/силовая	2024-08-22 18:00:00	600	Роман Заколодкин	adult	8
801	NinjaWay	рукоходы/силовая	2024-08-22 19:30:00	600	Роман Заколодкин	adult	9
802	NinjaWay	рукоходы/силовая	2024-08-24 11:30:00	600	Роман Заколодкин	child	10
640	NinjaWay	рукоходы/силовая	2024-07-07 10:00:00	600	Роман Заколодкин	child	0
639	NinjaWay	рукоходы/силовая	2024-07-06 11:30:00	600	Роман Заколодкин	child	0
803	NinjaWay	рукоходы/силовая	2024-08-24 13:00:00	600	Роман Заколодкин	adult	11
638	NinjaWay	рукоходы/силовая	2024-07-03 18:00:00	600	Роман Заколодкин	child	0
804	NinjaWay	рукоходы/силовая	2024-08-25 10:00:00	600	Роман Заколодкин	child	12
805	Ninja Way	рукоходы/силовая	2024-08-25 11:30:00	600	Роман Заколодкин	adult	13
806	'Ninja Way'::character varying	рукоходы/силовая	2024-08-27 10:00:00	600	Роман Заколодкин	adult	14
807	'Ninja Way'::character varying	рукоходы/силовая	2024-08-27 18:00:00	600	Роман Заколодкин	adult	15
808	'Ninja Way'::character varying	рукоходы/силовая	2024-08-27 19:30:00	600	Роман Заколодкин	adult	16
635	NinjaWay	рукоходы/силовая	2024-07-06 13:00:00	600	Роман Заколодкин	adult	0
633	NinjaWay	рукоходы/силовая	2024-07-04 19:30:00	600	Роман Заколодкин	adult	0
632	NinjaWay	рукоходы/силовая	2024-07-04 18:00:00	600	Роман Заколодкин	adult	0
630	NinjaWay	рукоходы/силовая	2024-07-03 19:30:00	600	Роман Заколодкин	adult	0
631	NinjaWay	рукоходы/силовая	2024-07-04 10:00:00	600	Роман Заколодкин	adult	0
629	NinjaWay	рукоходы/силовая	2024-07-03 18:00:00	600	Роман Заколодкин	adult	0
628	NinjaWay	рукоходы/силовая	2024-07-02 19:30:00	600	Роман Заколодкин	adult	0
627	NinjaWay	рукоходы/силовая	2024-07-02 18:00:00	600	Роман Заколодкин	adult	0
626	NinjaWay	рукоходы/силовая	2024-07-02 10:00:00	600	Роман Заколодкин	adult	0
625	NinjaWay	рукоходы/силовая	2024-06-30 10:00:00	600	Роман Заколодкин	child	0
622	NinjaWay	рукоходы/силовая	2024-06-29 11:30:00	600	Роман Заколодкин	child	0
615	NinjaWay	рукоходы/силовая	2024-06-26 18:00:00	600	Роман Заколодкин	child	0
611	NinjaWay	рукоходы/силовая	2024-06-30 11:30:00	600	Роман Заколодкин	adult	0
610	NinjaWay	рукоходы/силовая	2024-06-29 13:00:00	600	Роман Заколодкин	adult	0
609	NinjaWay	рукоходы/силовая	2024-06-27 19:30:00	600	Роман Заколодкин	adult	0
608	NinjaWay	рукоходы/силовая	2024-06-27 18:00:00	600	Роман Заколодкин	adult	0
607	NinjaWay	рукоходы/силовая	2024-06-27 10:00:00	600	Роман Заколодкин	adult	0
606	NinjaWay	рукоходы/силовая	2024-06-26 18:00:00	600	Роман Заколодкин	adult	0
605	NinjaWay	рукоходы/силовая	2024-06-25 19:30:00	600	Роман Заколодкин	adult	0
604	NinjaWay	рукоходы/силовая	2024-06-25 18:00:00	600	Роман Заколодкин	adult	0
603	NinjaWay	рукоходы/силовая	2024-06-25 10:00:00	600	Роман Заколодкин	adult	0
593	NinjaWay	рукоходы/силовая	2024-06-23 11:30:00	700	Роман Заколодкин	adult	0
9	NinjaWay	рукоходы/силовая	2024-06-20 10:00:00	700	Роман Заколодкин	adult	0
8	NinjaWay	рукоходы/силовая	2024-06-18 19:30:00	700	Роман Заколодкин	adult	0
7	NinjaWay	рукоходы/силовая	2024-06-19 18:00:00	700	Роман Заколодкин	adult	0
6	NinjaWay	рукоходы/силовая	2024-06-22 13:00:00	700	Роман Заколодкин	adult	0
5	NinjaWay	рукоходы/силовая	2024-06-20 18:00:00	700	Роман Заколодкин	adult	0
4	NinjaWay	рукоходы/силовая	2024-06-20 19:30:00	700	Роман Заколодкин	adult	0
3	NinjaWay	рукоходы/силовая	2024-06-18 18:00:00	700	Роман Заколодкин	adult	0
1	NinjaWay	рукоходы/силовая	2024-06-18 10:00:00	700	Роман Заколодкин	adult	0
809	'Ninja Way'::character varying	рукоходы/силовая	2024-08-28 18:00:00	600	Роман Заколодкин	adult	17
810	'Ninja Way'::character varying	рукоходы/силовая	2024-08-28 18:00:00	600	Роман Заколодкин	child	18
811	'Ninja Way'::character varying	рукоходы/силовая	2024-08-28 19:30:00	600	Роман Заколодкин	adult	19
812	'Ninja Way'::character varying	рукоходы/силовая	2024-08-29 10:00:00	600	Роман Заколодкин	adult	20
813	'Ninja Way'::character varying	рукоходы/силовая	2024-08-29 18:00:00	600	Роман Заколодкин	adult	21
814	'Ninja Way'::character varying	рукоходы/силовая	2024-08-29 19:30:00	600	Роман Заколодкин	adult	22
815	'Ninja Way'::character varying	рукоходы/силовая	2024-08-31 11:30:00	600	Роман Заколодкин	child	23
816	'Ninja Way'::character varying	рукоходы/силовая	2024-08-31 13:00:00	600	Роман Заколодкин	adult	24
817	'Ninja Way'::character varying	рукоходы/силовая	2024-09-01 10:00:00	600	Роман Заколодкин	child	25
818	'Ninja Way'::character varying	рукоходы/силовая	2024-09-01 11:30:00	600	Роман Заколодкин	adult	26
819	'Ninja Way'::character varying	рукоходы/силовая	2024-09-03 10:00:00	600	Роман Заколодкин	adult	27
821	'Ninja Way'::character varying	рукоходы/силовая	2024-09-03 19:30:00	600	Роман Заколодкин	adult	29
820	'Ninja Way'::character varying	рукоходы/силовая	2024-09-03 18:00:00	600	Роман Заколодкин	adult	28
823	'Ninja Way'::character varying	рукоходы/силовая	2024-09-04 18:00:00	600	Роман Заколодкин	child	30
824	'Ninja Way'::character varying	рукоходы/силовая	2024-09-04 19:30:00	600	Роман Заколодкин	adult	31
826	'Ninja Way'::character varying	рукоходы/силовая	2024-09-05 18:00:00	600	Роман Заколодкин	adult	33
825	'Ninja Way'::character varying	рукоходы/силовая	2024-09-05 10:00:00	600	Роман Заколодкин	adult	32
827	'Ninja Way'::character varying	рукоходы/силовая	2024-09-05 19:30:00	600	Роман Заколодкин	adult	34
828	'Ninja Way'::character varying	рукоходы/силовая	2024-09-07 11:30:00	600	Роман Заколодкин	child	35
829	'Ninja Way'::character varying	рукоходы/силовая	2024-09-07 13:00:00	600	Роман Заколодкин	adult	36
831	'Ninja Way'::character varying	рукоходы/силовая	2024-09-08 11:30:00	600	Роман Заколодкин	adult	38
830	'Ninja Way'::character varying	рукоходы/силовая	2024-09-08 10:00:00	600	Роман Заколодкин	child	37
832	'Ninja Way'::character varying	рукоходы/силовая	2024-09-08 13:30:00	600	Роман Заколодкин	child	0
833	'Ninja Way'::character varying	рукоходы/силовая	2024-09-10 10:00:00	600	Роман Заколодкин	adult	39
834	'Ninja Way'::character varying	рукоходы/силовая	2024-09-10 18:00:00	600	Роман Заколодкин	adult	40
835	'Ninja Way'::character varying	рукоходы/силовая	2024-09-10 19:30:00	600	Роман Заколодкин	adult	41
836	'Ninja Way'::character varying	рукоходы/силовая	2024-09-11 18:00:00	600	Роман Заколодкин	child	42
837	'Ninja Way'::character varying	рукоходы/силовая	2024-09-11 19:30:00	600	Роман Заколодкин	adult	43
838	'Ninja Way'::character varying	рукоходы/силовая	2024-09-12 10:00:00	600	Роман Заколодкин	adult	44
839	'Ninja Way'::character varying	рукоходы/силовая	2024-09-12 18:00:00	600	Роман Заколодкин	adult	45
840	'Ninja Way'::character varying	рукоходы/силовая	2024-09-12 19:30:00	600	Роман Заколодкин	adult	46
841	'Ninja Way'::character varying	рукоходы/силовая	2024-09-14 11:30:00	600	Роман Заколодкин	child	47
842	'Ninja Way'::character varying	рукоходы/силовая	2024-09-14 13:00:00	600	Роман Заколодкин	adult	48
843	'Ninja Way'::character varying	рукоходы/силовая	2024-09-15 10:00:00	600	Роман Заколодкин	child	49
844	'Ninja Way'::character varying	рукоходы/силовая	2024-09-15 11:30:00	600	Роман Заколодкин	adult	50
845	'Ninja Way'::character varying	рукоходы/силовая	2024-09-15 13:30:00	600	Роман Заколодкин	child	51
846	'Ninja Way'::character varying	рукоходы/силовая	2024-09-17 10:00:00	600	Роман Заколодкин	adult	52
847	'Ninja Way'::character varying	рукоходы/силовая	2024-09-17 18:00:00	600	Роман Заколодкин	adult	53
848	'Ninja Way'::character varying	рукоходы/силовая	2024-09-17 19:30:00	600	Роман Заколодкин	adult	54
849	'Ninja Way'::character varying	рукоходы/силовая	2024-09-18 18:00:00	600	Роман Заколодкин	child	55
850	'Ninja Way'::character varying	рукоходы/силовая	2024-09-18 19:30:00	600	Роман Заколодкин	adult	56
851	'Ninja Way'::character varying	рукоходы/силовая	2024-09-19 10:00:00	600	Роман Заколодкин	adult	57
852	'Ninja Way'::character varying	рукоходы/силовая	2024-09-19 18:00:00	600	Роман Заколодкин	adult	58
853	'Ninja Way'::character varying	рукоходы/силовая	2024-09-19 19:30:00	600	Роман Заколодкин	adult	59
854	'Ninja Way'::character varying	рукоходы/силовая	2024-09-21 11:30:00	600	Роман Заколодкин	child	60
855	'Ninja Way'::character varying	рукоходы/силовая	2024-09-21 13:00:00	600	Роман Заколодкин	adult	61
858	'Ninja Way'::character varying	рукоходы/силовая	2024-09-22 13:30:00	600	Роман Заколодкин	child	64
856	'Ninja Way'::character varying	рукоходы/силовая	2024-09-22 10:00:00	600	Роман Заколодкин	child	62
857	'Ninja Way'::character varying	рукоходы/силовая	2024-09-22 11:30:00	600	Роман Заколодкин	adult	63
951	'Ninja Way'::character varying	рукоходы/силовая	2024-09-24 10:00:00	600	Роман Заколодкин	adult	65
952	'Ninja Way'::character varying	рукоходы/силовая	2024-09-24 18:00:00	600	Роман Заколодкин	adult	66
953	'Ninja Way'::character varying	рукоходы/силовая	2024-09-24 19:30:00	600	Роман Заколодкин	adult	67
954	'Ninja Way'::character varying	рукоходы/силовая	2024-09-25 18:00:00	600	Роман Заколодкин	child	6
955	'Ninja Way'::character varying	рукоходы/силовая	2024-09-25 19:30:00	600	Роман Заколодкин	adult	68
956	'Ninja Way'::character varying	рукоходы/силовая	2024-09-26 10:00:00	600	Роман Заколодкин	adult	69
957	'Ninja Way'::character varying	рукоходы/силовая	2024-09-26 18:00:00	600	Роман Заколодкин	adult	70
958	'Ninja Way'::character varying	рукоходы/силовая	2024-09-26 19:30:00	600	Роман Заколодкин	adult	71
960	'Ninja Way'::character varying	рукоходы/силовая	2024-09-28 13:00:00	600	Роман Заколодкин	adult	72
962	'Ninja Way'::character varying	рукоходы/силовая	2024-09-29 11:30:00	600	Роман Заколодкин	adult	73
963	'Ninja Way'::character varying	рукоходы/силовая	2024-09-29 13:30:00	600	Роман Заколодкин	child	10
961	'Ninja Way'::character varying	рукоходы/силовая	2024-09-29 10:00:00	600	Роман Заколодкин	child	9
959	'Ninja Way'::character varying	рукоходы/силовая	2024-09-28 11:30:00	600	Роман Заколодкин	child	8
965	'Ninja Way'::character varying	рукоходы/силовая	2024-09-27 18:30:00	600	Роман Заколодкин	child	11
964	'Ninja Way'::character varying	рукоходы/силовая	2024-09-27 17:00:00	600	Роман Заколодкин	child	7
966	'Ninja Way'::character varying	рукоходы/силовая	2024-10-01 10:00:00	600	Роман Заколодкин	adult	74
967	'Ninja Way'::character varying	рукоходы/силовая	2024-10-01 18:00:00	600	Роман Заколодкин	adult	75
968	'Ninja Way'::character varying	рукоходы/силовая	2024-10-01 19:30:00	600	Роман Заколодкин	adult	76
969	'Ninja Way'::character varying	рукоходы/силовая	2024-10-02 18:00:00	600	Роман Заколодкин	child	12
970	'Ninja Way'::character varying	рукоходы/силовая	2024-10-02 19:30:00	600	Роман Заколодкин	adult	77
971	'Ninja Way'::character varying	рукоходы/силовая	2024-10-03 10:00:00	600	Роман Заколодкин	adult	78
972	'Ninja Way'::character varying	рукоходы/силовая	2024-10-03 18:00:00	600	Роман Заколодкин	adult	79
973	'Ninja Way'::character varying	рукоходы/силовая	2024-10-03 19:30:00	600	Роман Заколодкин	adult	80
974	'Ninja Way'::character varying	рукоходы/силовая	2024-10-04 17:00:00	600	Роман Заколодкин	child	13
975	'Ninja Way'::character varying	рукоходы/силовая	2024-10-04 18:30:00	600	Роман Заколодкин	child	14
976	'Ninja Way'::character varying	рукоходы/силовая	2024-10-05 11:30:00	600	Роман Заколодкин	child	15
977	'Ninja Way'::character varying	рукоходы/силовая	2024-10-05 13:00:00	600	Роман Заколодкин	adult	81
978	'Ninja Way'::character varying	рукоходы/силовая	2024-10-06 10:00:00	600	Роман Заколодкин	child	16
979	'Ninja Way'::character varying	рукоходы/силовая	2024-10-06 11:30:00	600	Роман Заколодкин	adult	82
980	'Ninja Way'::character varying	рукоходы/силовая	2024-10-06 13:30:00	600	Роман Заколодкин	child	17
981	'Ninja Way'::character varying	рукоходы/силовая	2024-10-04 18:30:00	600	Роман Заколодкин	adult	83
982	'Ninja Way'::character varying	рукоходы/силовая	2024-10-08 10:00:00	600	Роман Заколодкин	adult	84
983	'Ninja Way'::character varying	рукоходы/силовая	2024-10-08 18:00:00	600	Роман Заколодкин	adult	85
984	'Ninja Way'::character varying	рукоходы/силовая	2024-10-08 19:30:00	600	Роман Заколодкин	adult	86
985	'Ninja Way'::character varying	рукоходы/силовая	2024-10-09 18:00:00	600	Роман Заколодкин	child	18
986	'Ninja Way'::character varying	рукоходы/силовая	2024-10-09 19:30:00	600	Роман Заколодкин	adult	87
987	'Ninja Way'::character varying	рукоходы/силовая	2024-10-10 10:00:00	600	Роман Заколодкин	adult	88
988	'Ninja Way'::character varying	рукоходы/силовая	2024-10-10 18:00:00	600	Роман Заколодкин	adult	89
989	'Ninja Way'::character varying	рукоходы/силовая	2024-10-10 19:30:00	600	Роман Заколодкин	adult	90
990	'Ninja Way'::character varying	рукоходы/силовая	2024-10-11 17:00:00	600	Роман Заколодкин	child	19
991	'Ninja Way'::character varying	рукоходы/силовая	2024-10-11 18:30:00	600	Роман Заколодкин	adult	91
992	'Ninja Way'::character varying	рукоходы/силовая	2024-10-11 18:30:00	600	Роман Заколодкин	child	20
993	'Ninja Way'::character varying	рукоходы/силовая	2024-10-12 11:30:00	600	Роман Заколодкин	child	21
994	'Ninja Way'::character varying	рукоходы/силовая	2024-10-12 13:00:00	600	Роман Заколодкин	adult	92
995	'Ninja Way'::character varying	рукоходы/силовая	2024-10-13 10:00:00	600	Роман Заколодкин	child	22
996	'Ninja Way'::character varying	рукоходы/силовая	2024-10-13 11:30:00	600	Роман Заколодкин	adult	93
997	'Ninja Way'::character varying	рукоходы/силовая	2024-10-13 13:30:00	600	Роман Заколодкин	child	23
998	'Ninja Way'::character varying	рукоходы/силовая	2024-10-15 10:00:00	600	Роман Заколодкин	adult	94
999	'Ninja Way'::character varying	рукоходы/силовая	2024-10-15 18:00:00	600	Роман Заколодкин	adult	95
1000	'Ninja Way'::character varying	рукоходы/силовая	2024-10-15 19:30:00	600	Роман Заколодкин	adult	96
1001	'Ninja Way'::character varying	рукоходы/силовая	2024-10-16 18:00:00	600	Роман Заколодкин	child	24
1002	'Ninja Way'::character varying	рукоходы/силовая	2024-10-16 19:30:00	600	Роман Заколодкин	adult	97
1003	'Ninja Way'::character varying	рукоходы/силовая	2024-10-17 10:00:00	600	Роман Заколодкин	adult	98
1004	'Ninja Way'::character varying	рукоходы/силовая	2024-10-17 18:00:00	600	Роман Заколодкин	adult	99
1005	'Ninja Way'::character varying	рукоходы/силовая	2024-10-17 19:30:00	600	Роман Заколодкин	adult	100
1006	'Ninja Way'::character varying	рукоходы/силовая	2024-10-18 17:00:00	600	Роман Заколодкин	child	25
1007	'Ninja Way'::character varying	рукоходы/силовая	2024-10-18 18:30:00	600	Роман Заколодкин	adult	101
1008	'Ninja Way'::character varying	рукоходы/силовая	2024-10-18 18:30:00	600	Роман Заколодкин	child	26
1009	'Ninja Way'::character varying	рукоходы/силовая	2024-10-19 11:30:00	600	Роман Заколодкин	child	27
1010	'Ninja Way'::character varying	рукоходы/силовая	2024-10-19 13:00:00	600	Роман Заколодкин	adult	102
1011	'Ninja Way'::character varying	рукоходы/силовая	2024-10-20 10:00:00	600	Роман Заколодкин	child	28
1012	'Ninja Way'::character varying	рукоходы/силовая	2024-10-20 11:30:00	600	Роман Заколодкин	adult	103
1013	'Ninja Way'::character varying	рукоходы/силовая	2024-10-20 13:30:00	600	Роман Заколодкин	child	29
1017	'Ninja Way'::character varying	рукоходы/силовая	2024-10-22 10:00:00	600	Роман Заколодкин	adult	104
1018	'Ninja Way'::character varying	рукоходы/силовая	2024-10-22 18:00:00	600	Роман Заколодкин	adult	105
1019	'Ninja Way'::character varying	рукоходы/силовая	2024-10-22 19:30:00	600	Роман Заколодкин	adult	106
1020	'Ninja Way'::character varying	рукоходы/силовая	2024-10-23 18:00:00	600	Роман Заколодкин	child	30
1021	'Ninja Way'::character varying	рукоходы/силовая	2024-10-23 19:30:00	600	Роман Заколодкин	adult	107
1022	'Ninja Way'::character varying	рукоходы/силовая	2024-10-24 10:00:00	600	Роман Заколодкин	adult	108
1023	'Ninja Way'::character varying	рукоходы/силовая	2024-10-24 18:00:00	600	Роман Заколодкин	adult	109
1024	'Ninja Way'::character varying	рукоходы/силовая	2024-10-24 19:30:00	600	Роман Заколодкин	adult	110
1025	'Ninja Way'::character varying	рукоходы/силовая	2024-10-25 17:00:00	600	Роман Заколодкин	child	31
1026	'Ninja Way'::character varying	рукоходы/силовая	2024-10-25 18:30:00	600	Роман Заколодкин	adult	111
1027	'Ninja Way'::character varying	рукоходы/силовая	2024-10-25 18:30:00	600	Роман Заколодкин	child	32
1028	'Ninja Way'::character varying	рукоходы/силовая	2024-10-26 11:30:00	600	Роман Заколодкин	child	33
1029	'Ninja Way'::character varying	рукоходы/силовая	2024-10-26 13:00:00	600	Роман Заколодкин	adult	112
1030	'Ninja Way'::character varying	рукоходы/силовая	2024-10-27 10:00:00	600	Роман Заколодкин	child	34
1031	'Ninja Way'::character varying	рукоходы/силовая	2024-10-27 11:30:00	600	Роман Заколодкин	adult	113
1032	'Ninja Way'::character varying	рукоходы/силовая	2024-10-27 13:30:00	600	Роман Заколодкин	child	35
1033	'Ninja Way'::character varying	рукоходы/силовая	2024-10-29 10:00:00	600	Роман Заколодкин	adult	114
1034	'Ninja Way'::character varying	рукоходы/силовая	2024-10-29 18:00:00	600	Роман Заколодкин	adult	115
1035	'Ninja Way'::character varying	рукоходы/силовая	2024-10-29 19:30:00	600	Роман Заколодкин	adult	116
1036	'Ninja Way'::character varying	рукоходы/силовая	2024-10-30 18:00:00	600	Роман Заколодкин	child	36
1037	'Ninja Way'::character varying	рукоходы/силовая	2024-10-30 19:30:00	600	Роман Заколодкин	adult	117
1038	'Ninja Way'::character varying	рукоходы/силовая	2024-10-31 10:00:00	600	Роман Заколодкин	adult	118
1039	'Ninja Way'::character varying	рукоходы/силовая	2024-10-31 18:00:00	600	Роман Заколодкин	adult	119
1040	'Ninja Way'::character varying	рукоходы/силовая	2024-10-31 19:30:00	600	Роман Заколодкин	adult	120
1041	'Ninja Way'::character varying	рукоходы/силовая	2024-11-01 17:00:00	600	Роман Заколодкин	child	37
1042	'Ninja Way'::character varying	рукоходы/силовая	2024-11-01 18:30:00	600	Роман Заколодкин	adult	121
1043	'Ninja Way'::character varying	рукоходы/силовая	2024-11-01 18:30:00	600	Роман Заколодкин	child	38
1044	'Ninja Way'::character varying	рукоходы/силовая	2024-11-02 11:30:00	600	Роман Заколодкин	child	39
1045	'Ninja Way'::character varying	рукоходы/силовая	2024-11-02 13:00:00	600	Роман Заколодкин	adult	122
1046	'Ninja Way'::character varying	рукоходы/силовая	2024-11-03 10:00:00	600	Роман Заколодкин	child	40
1047	'Ninja Way'::character varying	рукоходы/силовая	2024-11-03 11:30:00	600	Роман Заколодкин	adult	123
1048	'Ninja Way'::character varying	рукоходы/силовая	2024-11-03 13:30:00	600	Роман Заколодкин	child	41
1049	'Ninja Way'::character varying	рукоходы/силовая	2024-11-05 10:00:00	600	Роман Заколодкин	adult	124
1050	'Ninja Way'::character varying	рукоходы/силовая	2024-11-05 18:00:00	600	Роман Заколодкин	adult	125
1051	'Ninja Way'::character varying	рукоходы/силовая	2024-11-05 19:30:00	600	Роман Заколодкин	adult	126
1052	'Ninja Way'::character varying	рукоходы/силовая	2024-11-06 18:00:00	600	Роман Заколодкин	child	42
1053	'Ninja Way'::character varying	рукоходы/силовая	2024-11-06 19:30:00	600	Роман Заколодкин	adult	127
1054	'Ninja Way'::character varying	рукоходы/силовая	2024-11-07 10:00:00	600	Роман Заколодкин	adult	128
1055	'Ninja Way'::character varying	рукоходы/силовая	2024-11-07 18:00:00	600	Роман Заколодкин	adult	129
1056	'Ninja Way'::character varying	рукоходы/силовая	2024-11-07 19:30:00	600	Роман Заколодкин	adult	130
1057	'Ninja Way'::character varying	рукоходы/силовая	2024-11-08 17:00:00	600	Роман Заколодкин	child	43
1058	'Ninja Way'::character varying	рукоходы/силовая	2024-11-08 18:30:00	600	Роман Заколодкин	adult	131
1059	'Ninja Way'::character varying	рукоходы/силовая	2024-11-08 18:30:00	600	Роман Заколодкин	child	44
1060	'Ninja Way'::character varying	рукоходы/силовая	2024-11-09 11:30:00	600	Роман Заколодкин	child	45
1061	'Ninja Way'::character varying	рукоходы/силовая	2024-11-09 13:00:00	600	Роман Заколодкин	adult	132
1062	'Ninja Way'::character varying	рукоходы/силовая	2024-11-10 10:00:00	600	Роман Заколодкин	child	46
1063	'Ninja Way'::character varying	рукоходы/силовая	2024-11-10 11:30:00	600	Роман Заколодкин	adult	133
1064	'Ninja Way'::character varying	рукоходы/силовая	2024-11-10 13:30:00	600	Роман Заколодкин	child	47
\.


--
-- Data for Name: users; Type: TABLE DATA; Schema: public; Owner: tgbot_schedule
--

COPY public.users (user_id, full_name, is_admin, created_at, row_number) FROM stdin;
5159975887	Галкин Вадим	f	2024-09-22 16:20:28.52822+03	77
471896755	Царюк Максим	f	2024-09-22 16:47:42.5812+03	78
5460435820	Ведясов Вячеслав	f	2024-09-22 17:12:24.650529+03	79
288152867	Денис Булдаков	f	2024-09-22 17:40:19.669886+03	80
5666329056	Воробьёв Антон	f	2024-09-22 22:53:49.713798+03	81
339631051	Алексей Лаптев	f	2024-09-23 10:35:37.655396+03	83
553819708	Екатерина Степанова	f	2024-09-23 13:37:04.801574+03	84
1840179348	Михаил Савин	f	2024-09-23 13:51:13.227552+03	85
578454899	Михайлова Полина	f	2024-09-24 14:29:00.462693+03	86
224459146	Рома Чиж	f	2024-09-25 21:07:00.977418+03	87
876430341	Бологова Варя	f	2024-09-26 10:51:00.925385+03	88
919386921	Ника Семашко	f	2024-09-26 10:58:49.133272+03	89
785352385	Кто записан на субботу	f	2024-09-26 18:33:01.69454+03	90
6479931622	Курносенко Вячеслав	f	2024-09-30 09:41:37.854786+03	91
5454112084	Яковлев Андрей	f	2024-09-30 16:38:01.550788+03	92
755962522	Яковлев Виктор	f	2024-09-30 19:09:12.659562+03	93
863433359	Маслюков Григорий	f	2024-10-01 16:42:55.803434+03	94
5021045191	Амина мамедкулиева	f	2024-10-07 11:35:25.361343+03	103
942149793	Фофонов Всеволод.	f	2024-10-07 11:37:21.852702+03	104
897252522	Данил Тюкалов	f	2024-10-07 15:35:54.439256+03	105
1880155218	Самсоненко Дмитрий	f	2024-10-07 18:57:56.376422+03	106
187576133	Николь Голубкова	f	2024-10-08 00:07:13.759754+03	107
999282860	Жарков Дмитрий	f	2024-10-09 22:29:22.919502+03	109
1959061032	Мисакян Алина	f	2024-10-13 15:12:42.849656+03	110
934494570	Сергей Нуждов	f	2024-10-14 13:59:53.728998+03	111
257892704	Дмитрий Дроздов	f	2024-10-14 14:09:20.452132+03	112
1037734578	Мария Маленкова	f	2024-10-14 15:07:39.502175+03	113
2028251418	Зейдель Александр	f	2024-10-14 15:22:35.856695+03	114
1046984506	Никита Скригуля	f	2024-10-14 16:41:35.170578+03	115
380324707	Орлик Павел	f	2024-10-15 10:21:35.717921+03	116
1112659017	Вари Дарья	f	2024-10-15 13:49:58.486039+03	117
5113717783	Блиц скорость без границ	f	2024-10-16 22:12:01.98578+03	118
405880292	Василий Чубраев	f	2024-10-17 17:10:28.78173+03	119
989580554	Гусева Варя	f	2024-10-20 15:23:09.590457+03	120
1165903606	Артемье Максим	f	2024-10-20 15:23:19.939229+03	121
1916128456	Коротич Тимофей Сергеевич	f	2024-10-20 15:24:44.188428+03	122
861580605	Орлова Ульяна	f	2024-10-20 21:25:11.176379+03	123
1453572519	Анастасия Войнаровская	f	2024-10-21 09:58:34.255532+03	124
1822137232	Василевская Елизавета	f	2024-10-21 10:32:02.846382+03	125
387737474	Веденеева Марина	f	2024-10-21 13:47:35.151746+03	126
550112168	Илья Пузанов	f	2024-10-21 18:15:40.410298+03	127
5298827190	Мисбахова Кристина	f	2024-10-21 18:18:34.129651+03	128
509135953	Стаканов Егор	f	2024-10-21 22:29:56.955936+03	129
5361036723	Ксения Куприянова	f	2024-10-25 10:48:35.647132+03	130
840421062	Царёва Ксения	f	2024-10-25 16:08:37.204089+03	131
1325897794	Ежов Антон	f	2024-10-27 21:13:04.71162+03	133
1185160405	Пермякова Полина	f	2024-10-28 12:13:34.991119+03	134
463681107	Наталия серегина	f	2024-10-28 15:58:23.359139+03	135
943170665	Панина Анна	f	2024-10-29 10:42:19.053185+03	136
1567742709	Байдуков Юлия	f	2024-10-30 19:48:18.420279+03	137
1592529941	Василий Мельниченко	f	2024-11-02 13:06:24.907905+03	138
6370084322	Попков Андрей	f	2024-08-26 15:09:44.712832+03	8
918666601	Мартынова Ульяна	f	2024-08-26 15:10:26.026178+03	9
662793947	Ольга Громыко	f	2024-08-26 15:16:39.737576+03	11
473221062	Соколова Анна	f	2024-08-26 15:17:11.433083+03	12
757933485	Исупова Александра	f	2024-08-26 15:18:13.344194+03	13
759360712	Полина Грузинская	f	2024-08-26 15:21:45.099885+03	14
1857318386	Мария Зимницкая	f	2024-08-26 15:26:19.497656+03	15
837326592	Дмитрий Румянцев	f	2024-08-26 15:31:37.528069+03	16
51928647	Барков Руслан	f	2024-08-26 15:45:14.68478+03	17
140263080	Стаканов Иван	f	2024-08-26 15:50:17.535392+03	18
252165585	Медведев Антон	f	2024-08-26 15:51:51.591986+03	19
2098690422	Роман Меледин	f	2024-08-26 18:39:03.575614+03	21
455988759	Денис Казанцев	f	2024-08-26 19:37:21.202036+03	22
1921268921	Алексей Горбаль	f	2024-08-26 22:34:36.866573+03	23
5279102590	Парамонова Майя	f	2024-08-27 09:26:59.232095+03	24
1523435199	Игорь Кузьмин	f	2024-08-27 14:02:44.336094+03	25
360379017	Антон Половников	f	2024-08-28 10:24:10.1866+03	26
1328051033	Саенко Фёдор	f	2024-08-28 10:43:18.706167+03	27
897191042	Обрезанов Антон	f	2024-08-28 11:29:54.665709+03	28
881530263	Драй Елена	f	2024-08-28 15:44:16.810404+03	30
608126035	Александра Горохова	f	2024-08-28 13:21:56.683952+03	29
857132556	Каплун Роман	f	2024-08-28 15:46:11.553496+03	31
963373639	Тихонова Екатерина	f	2024-08-28 16:09:25.711186+03	32
1373091952	Хитров Роман	f	2024-08-31 16:13:58.693602+03	33
1017107710	Гейер Екатерина	f	2024-09-01 22:34:16.271854+03	34
863653912	Парамонова Ирина	f	2024-09-02 00:46:11.018031+03	35
892094416	Вотенцова Екатерина	f	2024-09-02 10:50:14.470252+03	36
1115536641	Коваленко Алиса	f	2024-09-02 10:51:40.525446+03	37
867300832	Павел Маликов	f	2024-09-02 15:01:41.997707+03	38
5185052656	Можейко Константин	f	2024-09-02 16:03:19.997123+03	39
508905771	Сапатов Константин	f	2024-09-02 16:53:34.322805+03	41
1048438011	Алеся Перфильева	t	2024-08-26 14:04:23.241223+03	7
1018962269	Воронов Антон	t	2024-08-26 15:11:09.534763+03	10
495578423	Каплун Полина	t	2024-08-26 12:28:20.501011+03	6
497246178	Миша Доманский	f	2024-09-02 22:25:01.220858+03	40
1697655825	Всеволод Праницкий	f	2024-08-26 16:21:55.986355+03	20
189243786	Яна Шевцова	f	2024-09-03 19:03:01.948334+03	48
1094244464	Юлия Круглик	f	2024-09-04 12:08:18.477536+03	50
524852463	Заколодкин Роман	t	2024-09-03 21:14:41.890121+03	49
6272474804	Глеб Еремин	f	2024-09-04 18:20:57.829094+03	51
190592806	Петрова Наталья	f	2024-09-05 02:07:47.099823+03	52
1123605287	Федорович Антон	f	2024-09-09 07:49:14.156724+03	53
209868012	Максим Капитонов	f	2024-09-14 15:39:00.302043+03	55
1409358091	Михайлова Екатерина	f	2024-09-15 20:16:10.762464+03	56
1897015486	Аброськин Дмитрий	f	2024-09-15 20:24:09.15121+03	57
868481217	Владимир Кудряшов	f	2024-09-15 20:24:55.567504+03	59
2091218261	Кочкурова Валерия	f	2024-09-15 20:25:47.401989+03	60
870644927	Грибачёв Александр	f	2024-09-15 20:26:46.922697+03	61
190411871	Табунов Кирилл	f	2024-09-15 20:33:04.537188+03	62
860840425	Степан Чичеров	f	2024-09-15 20:37:31.840353+03	63
468242665	Карасева Валерия	f	2024-09-15 20:43:42.318262+03	64
1383211807	Рябинина Полина	f	2024-09-15 20:47:24.077795+03	65
514493237	Василий Квасов	f	2024-09-15 21:10:31.791034+03	66
1103224040	Андрей Матвеев	f	2024-09-15 21:37:13.992952+03	67
650540470	Дижевская Ксения	f	2024-09-16 08:23:57.27506+03	68
225664217	Мария Ускова	f	2024-09-16 08:31:52.697148+03	69
521993218	Усков Богдан	f	2024-09-16 08:32:48.021128+03	70
474996796	Ксения Полевая	f	2024-09-16 09:13:22.923338+03	71
1560968880	Бурлаков Родион	f	2024-09-16 12:54:58.794105+03	72
343453658	Сапатова Татьяна	f	2024-09-17 10:14:59.615651+03	74
5169576609	Максим Сорокин	f	2024-09-16 16:56:38.789275+03	73
1942043768	Иванов Максим	f	2024-09-09 19:59:19.468966+03	54
1411894787	Регина Рахмангулова	t	2024-08-20 17:36:00.969464+03	5
1245803905	Вадим Скляров	f	2024-09-15 20:24:42.340998+03	58
949693107	Кто-то без имени (Вписала Регина)	f	2024-09-02 17:25:54.438642+03	75
284760131	Ефанов Максим	f	2024-09-22 09:05:18.554829+03	76
781386241	Константин Микая	f	2024-09-03 10:14:52.671327+03	47
1020597467	Игнатьева Марина	f	2024-09-03 09:54:09.846681+03	46
573826034	Наталья Успенская	f	2024-09-03 09:39:25.655428+03	45
195225153	Варвара Лежнева	f	2024-09-03 09:33:44.577583+03	44
231870505	Силкина Анастасия	t	2024-09-03 08:05:10.364602+03	43
289869018	Вероника Писаренко	f	2024-09-03 06:56:35.219467+03	42
569134659	Сая Сайпудинова	f	2024-10-02 19:46:03.703313+03	95
405153504	Бабченко Елизавета	f	2024-10-04 10:07:42.723262+03	97
1796607957	Симонова Дарья	f	2024-10-05 11:51:30.012632+03	98
1904454278	Трошина Галина	f	2024-10-05 11:51:49.698358+03	99
408499194	Олеся Авдонина	f	2024-10-05 14:56:55.127585+03	100
1873791411	Меремьянина Елизавета	f	2024-10-05 16:20:58.322989+03	101
650171857	Ульяна Сажина	f	2024-10-05 19:37:29.493136+03	102
\.


--
-- Name: appointments_appointment_id_seq; Type: SEQUENCE SET; Schema: public; Owner: tgbot_schedule
--

SELECT pg_catalog.setval('public.appointments_appointment_id_seq', 1454, true);


--
-- Name: trainings_training_id_seq; Type: SEQUENCE SET; Schema: public; Owner: tgbot_schedule
--

SELECT pg_catalog.setval('public.trainings_training_id_seq', 1064, true);


--
-- Name: appointments appointments_pkey; Type: CONSTRAINT; Schema: public; Owner: tgbot_schedule
--

ALTER TABLE ONLY public.appointments
    ADD CONSTRAINT appointments_pkey PRIMARY KEY (appointment_id);


--
-- Name: schema_migrations schema_migrations_pkey; Type: CONSTRAINT; Schema: public; Owner: tgbot_schedule
--

ALTER TABLE ONLY public.schema_migrations
    ADD CONSTRAINT schema_migrations_pkey PRIMARY KEY (version);


--
-- Name: trainings trainings_pkey; Type: CONSTRAINT; Schema: public; Owner: tgbot_schedule
--

ALTER TABLE ONLY public.trainings
    ADD CONSTRAINT trainings_pkey PRIMARY KEY (training_id);


--
-- Name: users users_pkey; Type: CONSTRAINT; Schema: public; Owner: tgbot_schedule
--

ALTER TABLE ONLY public.users
    ADD CONSTRAINT users_pkey PRIMARY KEY (user_id);


--
-- Name: appointments_training_id_idx; Type: INDEX; Schema: public; Owner: tgbot_schedule
--

CREATE INDEX appointments_training_id_idx ON public.appointments USING btree (training_id);


--
-- Name: appointments_user_id_training_id_idx; Type: INDEX; Schema: public; Owner: tgbot_schedule
--

CREATE UNIQUE INDEX appointments_user_id_training_id_idx ON public.appointments USING btree (user_id, training_id);


--
-- Name: trainings_date_and_time_idx; Type: INDEX; Schema: public; Owner: tgbot_schedule
--

CREATE INDEX trainings_date_and_time_idx ON public.trainings USING btree (date_and_time);


--
-- Name: appointments appointments_training_id_fkey; Type: FK CONSTRAINT; Schema: public; Owner: tgbot_schedule
--

ALTER TABLE ONLY public.appointments
    ADD CONSTRAINT appointments_training_id_fkey FOREIGN KEY (training_id) REFERENCES public.trainings(training_id) ON DELETE CASCADE;


--
-- Name: appointments appointments_user_id_fkey; Type: FK CONSTRAINT; Schema: public; Owner: tgbot_schedule
--

ALTER TABLE ONLY public.appointments
    ADD CONSTRAINT appointments_user_id_fkey FOREIGN KEY (user_id) REFERENCES public.users(user_id) ON DELETE CASCADE;


--
-- PostgreSQL database dump complete
--

